variant,psi_scale,ld_scale,lq_scale,vdc_scale,imax_scale,psi_f_wb,ld_h,lq_h,saliency_ratio,vdc_v,imax_a,score,low_peak_id_a,low_peak_iq_a,low_peak_torque_nm,low_peak_current_a,low_peak_voltage_v,low_peak_voltage_margin_v,low_peak_current_margin_a,low_peak_copper_loss_w,low_peak_feasible,high_target_id_a,high_target_iq_a,high_target_torque_nm,high_target_current_a,high_target_voltage_v,high_target_voltage_margin_v,high_target_current_margin_a,high_target_copper_loss_w,high_target_feasible,high_max_id_a,high_max_iq_a,high_max_torque_nm,high_max_current_a,high_max_voltage_v,high_max_voltage_margin_v,high_max_current_margin_a,high_max_copper_loss_w,high_max_feasible
psi1.00_ld0.80_lq1.60_vdc1.15_imax1.15,1.0,0.8,1.6,1.15,1.15,0.055,0.000144,0.0006720000000000001,4.666666666666667,413.99999999999994,299.0,3.8014119848430443,-101.0,154.0,100.09507200000002,184.16568627190028,51.932739544220816,187.09027190028425,114.83431372809972,1780.6425000000004,True,-223.0,58.0,60.114912000000004,230.41918322917473,234.96575745966203,4.057253984843044,68.58081677082527,2787.3825,True,-291.0,64.0,80.12083200000001,297.9546945426435,236.3792095929507,2.6438018515543718,1.0453054573565055,4660.7925,True
psi0.70_ld0.80_lq1.60_vdc1.15_imax1.15,0.7,0.8,1.6,1.15,1.15,0.0385,0.000144,0.0006720000000000001,4.666666666666667,413.99999999999994,299.0,3.725867794967053,-127.0,158.0,100.06708800000001,202.71408436514716,50.88275971962429,188.14025172488078,96.28591563485284,2157.3825,True,-215.0,66.0,60.19992,224.90220096744272,233.94402564953802,5.078985794967053,74.09779903255728,2655.5024999999996,True,-291.0,66.0,76.090608,298.390683500675,233.5918148177198,5.431196626785265,0.6093164993250184,4674.442499999999,True
psi0.85_ld1.00_lq1.60_vdc1.15_imax1.15,0.85,1.0,1.6,1.15,1.15,0.04675,0.00018,0.0006720000000000001,3.7333333333333334,413.99999999999994,299.0,3.1623385673953397,-117.0,160.0,100.14144000000002,198.2145302443794,51.78534084363096,187.2376706008741,100.7854697556206,2062.672499999999,True,-213.0,66.0,60.012216,222.9910312097776,234.66648087710973,4.356530567395339,76.00896879022241,2610.5625000000005,True,-291.0,66.0,75.209112,298.390683500675,234.56670131608797,4.456310128417101,0.6093164993250184,4674.442499999999,True
psi1.00_ld1.00_lq1.30_vdc1.15_imax1.00,1.0,1.0,1.3,1.15,1.0,0.055,0.00018,0.000546,3.033333333333333,413.99999999999994,260.0,2.595772300744887,-112.0,174.0,100.21564800000002,206.92993983471797,48.361497990771255,190.66151345373382,53.07006016528203,2248.0500000000006,True,-210.0,76.0,60.128159999999994,223.32935319836486,233.5984791437602,5.424532300744886,36.670646801635144,2618.4900000000002,True,-246.0,80.0,69.61728000000001,258.68127106537884,235.10534322961766,3.9176682148874136,1.3187289346211628,3513.0899999999992,True
psi1.00_ld1.20_lq1.60_vdc1.15_imax1.15,1.0,1.2,1.6,1.15,1.15,0.055,0.00021600000000000002,0.0006720000000000001,3.111111111111111,413.99999999999994,299.0,2.5790561725893433,-111.0,158.0,100.123968,193.0932417253385,51.786742133587296,187.23626931091778,105.90675827466151,1957.4624999999996,True,-213.0,66.0,60.24268800000001,222.9910312097776,235.23980927191573,3.783202172589341,76.00896879022241,2610.5625000000005,True,-291.0,66.0,74.327616,298.390683500675,236.06848696736313,2.9545244771419448,0.6093164993250184,4674.442499999999,True
psi0.70_ld0.80_lq1.60_vdc1.15_imax1.00,0.7,0.8,1.6,1.15,1.0,0.0385,0.000144,0.0006720000000000001,4.666666666666667,413.99999999999994,260.0,2.084111456294373,-122.0,162.0,100.03435200000001,202.8003944769339,51.91874796677896,187.1042634777261,57.19960552306611,2159.2200000000003,True,-216.0,66.0,60.409008,225.85836269662454,233.8551999882107,5.167811456294373,34.14163730337546,2678.1299999999997,True,-250.0,68.0,69.56400000000001,259.0829982843336,238.9111322787367,0.11187916576838575,0.9170017156664017,3524.0099999999998,True
psi0.85_ld1.00_lq1.60_vdc1.15_imax1.00,0.85,1.0,1.6,1.15,1.0,0.04675,0.00018,0.0006720000000000001,3.7333333333333334,413.99999999999994,260.0,1.7076754880396923,-120.0,158.0,100.28891999999999,198.40362899906847,51.257426939833756,187.76558450467132,61.596371000931526,2066.6100000000006,True,-214.0,66.0,60.207048,223.94642216387382,234.53065595646538,4.492355488039692,36.05357783612618,2632.9799999999996,True,-250.0,68.0,69.25800000000001,259.0829982843336,238.70493999403914,0.3180714504659363,0.9170017156664017,3524.0099999999998,True
psi1.00_ld0.80_lq1.00_vdc1.15_imax1.15,1.0,0.8,1.0,1.15,1.15,0.055,0.000144,0.00042,2.9166666666666665,413.99999999999994,299.0,1.6596890146840746,-119.0,190.0,100.14215999999999,224.18965185752887,43.81602460871606,195.206986835789,74.81034814247113,2638.7025,True,-205.0,90.0,60.25320000000001,223.8861317723811,236.853860429821,2.1691510146840756,75.1138682276189,2631.5624999999995,True,-281.0,102.0,81.12427199999999,298.93979326948096,237.85634059061653,1.1666708538885473,0.060206730519041685,4691.6625,True
psi1.00_ld0.80_lq1.60_vdc1.15_imax1.00,1.0,0.8,1.6,1.15,1.0,0.055,0.000144,0.0006720000000000001,4.666666666666667,413.99999999999994,260.0,1.4925928753299633,-104.0,152.0,100.23974399999999,184.1738309315414,51.411362255436245,187.61164918906883,75.8261690684586,1780.8000000000002,True,-224.0,58.0,60.29865600000001,231.38712150852302,234.6363265691751,4.386684875329962,28.612878491476977,2810.85,True,-252.0,62.0,69.956832,259.5149321330085,238.51824719741612,0.5047642470889571,0.48506786699152826,3535.7699999999995,True
psi1.00_ld1.20_lq1.60_vdc1.15_imax1.00,1.0,1.2,1.6,1.15,1.0,0.055,0.00021600000000000002,0.0006720000000000001,3.111111111111111,413.99999999999994,260.0,1.1445539655969448,-108.0,160.0,100.07808,193.03885619221847,52.33677859902228,186.68623284548278,66.96114380778153,1956.3600000000004,True,-212.0,66.0,60.062112000000006,222.03603311174518,235.42723747890813,3.5957739655969476,37.96396688825482,2588.2500000000005,True,-250.0,68.0,68.952,259.0829982843336,238.55815242636913,0.46485901813593955,0.9170017156664017,3524.0099999999998,True
psi1.00_ld1.00_lq1.00_vdc1.15_imax1.15,1.0,1.0,1.0,1.15,1.15,0.055,0.00018,0.00042,2.3333333333333335,413.99999999999994,299.0,1.0854908893025925,-115.0,202.0,100.1112,232.44139046219803,44.99750537254287,194.0255060719622,66.55860953780197,2836.5225000000005,True,-197.0,98.0,60.140640000000005,220.0295434708712,236.72275055520248,2.300260889302592,78.9704565291288,2541.6825,True,-279.0,106.0,77.56656000000001,298.45770219580527,235.18822927066824,3.834782173836828,0.5422978041947317,4676.5425,True
psi0.85_ld0.80_lq1.30_vdc1.15_imax1.15,0.85,0.8,1.3,1.15,1.15,0.04675,0.000144,0.000546,3.791666666666667,413.99999999999994,299.0,0.3140974923210731,-125.0,172.0,100.10400000000001,212.6240814207083,47.29767106112599,191.7253403833791,86.37591857929169,2373.4725,True,-205.0,78.0,60.44687999999999,219.33763926877666,238.601775952184,0.42123549232107393,79.66236073122334,2525.7224999999994,True,-287.0,82.0,79.765008,298.4845054605012,237.0157405941047,2.0072708504003742,0.5154945394987749,4677.3825,True
psi0.85_ld0.80_lq1.60_vdc1.15_imax1.15,0.85,0.8,1.6,1.15,1.15,0.04675,0.000144,0.0006720000000000001,4.666666666666667,413.99999999999994,299.0,0.27567499119484573,-117.0,154.0,100.27802400000002,193.40372281835735,50.71377816430766,188.30923328019742,105.59627718164265,1963.7625,True,-211.0,64.0,60.73267200000001,220.49263026232873,239.00442845331023,0.01858299119484741,78.50736973767127,2552.3925000000004,True,-291.0,66.0,79.357608,298.390683500675,234.6429245322385,4.380086912266563,0.6093164993250184,4674.442499999999,True
psi0.70_ld0.80_lq1.30_vdc1.15_imax1.15,0.7,0.8,1.3,1.15,1.15,0.0385,0.000144,0.000546,3.791666666666667,413.99999999999994,299.0,0.18892614704300392,-135.0,180.0,100.1916,225.0,48.06394762128762,190.95906382321746,74.0,2657.8124999999995,True,-209.0,82.0,60.27885600000001,224.51057881534223,236.70243729746207,2.320574147043004,74.48942118465777,2646.2624999999994,True,-287.0,82.0,75.706008,298.4845054605012,235.36720259329215,3.6558088512129245,0.5154945394987749,4677.3825,True
psi1.00_ld1.00_lq1.60_vdc1.15_imax1.15,1.0,1.0,1.6,1.15,1.15,0.055,0.00018,0.0006720000000000001,3.7333333333333334,413.99999999999994,299.0,-0.14518985623996095,-103.0,158.0,100.180848,188.60805921274945,52.38715082518549,186.63586061931957,110.39194078725055,1867.5825000000004,True,-215.0,64.0,61.73952,224.32342722060932,239.01835930074503,0.004652143760040417,74.67657277939068,2641.8525,True,-291.0,66.0,78.476112,298.390683500675,233.63583127892608,5.387180165578997,0.6093164993250184,4674.442499999999,True
psi1.00_ld0.80_lq1.30_vdc1.15_imax1.15,1.0,0.8,1.3,1.15,1.15,0.055,0.000144,0.000546,3.791666666666667,413.99999999999994,299.0,-0.2971467580596414,-113.0,166.0,100.02429599999999,200.81085628023203,47.35772593978083,191.66528550472424,98.18914371976797,2117.0625000000005,True,-217.0,72.0,61.445088,228.63289352147035,238.6811262025647,0.34188524194036063,70.36710647852965,2744.3325000000004,True,-287.0,78.0,79.735032,297.4104907362886,235.2304087271654,3.792602717339662,1.5895092637114203,4643.782499999999,True
psi1.00_ld1.00_lq1.30_vdc1.15_imax1.15,1.0,1.0,1.3,1.15,1.15,0.055,0.00018,0.000546,3.033333333333333,413.99999999999994,299.0,-0.4768661993392378,-115.0,172.0,100.19688000000001,206.90335908341362,47.916403622544706,191.10660782196038,92.09664091658638,2247.4725,True,-209.0,78.0,61.539192,223.0807028857494,239.0147736438443,0.008237800660765515,75.91929711425061,2612.6625,True,-287.0,82.0,78.740664,298.4845054605012,235.9141212450562,3.108890199448865,0.5154945394987749,4677.3825,True
psi1.00_ld1.00_lq1.00_vdc1.15_imax1.00,1.0,1.0,1.0,1.15,1.0,0.055,0.00018,0.00042,2.3333333333333335,413.99999999999994,260.0,-0.5576609555185517,-122.0,198.0,100.12464000000001,232.568269546815,44.27758178522463,194.74542965928043,27.431730453184997,2839.6200000000003,True,-198.0,98.0,60.28175999999999,220.92532675091826,236.36731240002362,2.6556990444814517,39.07467324908174,2562.42,True,-238.0,104.0,69.96288,259.7306296916095,236.9132878982509,2.1097235462541732,0.26937030839047793,3541.6500000000005,True
psi1.00_ld1.20_lq1.00_vdc1.15_imax1.00,1.0,1.2,1.0,1.15,1.0,0.055,0.00021600000000000002,0.00042,1.9444444444444444,413.99999999999994,260.0,-0.5586645560573054,-116.0,212.0,100.060608,241.66091947189145,45.92296120728472,193.10005023722036,18.339080528108553,3066.0,True,-202.0,104.0,60.033792000000005,227.2003521124032,234.63890400056238,4.384107443942696,32.79964788759679,2710.0499999999997,True,-236.0,108.0,66.837312,259.53805116013336,237.48076454228163,1.5422469022234395,0.46194883986663626,3536.399999999999,True
psi0.85_ld1.00_lq1.30_vdc1.15_imax1.15,0.85,1.0,1.3,1.15,1.15,0.04675,0.00018,0.000546,3.033333333333333,413.99999999999994,299.0,-0.663126244653208,-123.0,182.0,100.21065600000001,219.66565503054863,48.864372267456396,190.15863917704868,79.33434496945137,2533.2825,True,-207.0,82.0,60.275904000000004,222.64994947226015,237.73482368915828,1.2881877553467973,76.35005052773985,2602.5824999999995,True,-287.0,82.0,74.68166399999998,298.4845054605012,236.10315690651612,2.919854537988954,0.5154945394987749,4677.3825,True
psi0.85_ld0.80_lq1.00_vdc1.15_imax1.15,0.85,0.8,1.0,1.15,1.15,0.04675,0.000144,0.00042,2.9166666666666665,413.99999999999994,299.0,-0.8424096044982843,-133.0,200.0,100.1496,240.18534509832193,43.95195371934809,195.07105772515698,58.81465490167807,3028.6724999999997,True,-195.0,100.0,60.34199999999999,219.14607000811125,238.69233704900336,0.33067439550171684,79.85392999188875,2521.312499999999,True,-279.0,106.0,78.70754399999998,298.45770219580527,236.4213672081737,2.601644236331367,0.5422978041947317,4676.5425,True
psi0.70_ld0.80_lq1.00_vdc1.15_imax1.15,0.7,0.8,1.0,1.15,1.15,0.0385,0.000144,0.00042,2.9166666666666665,413.99999999999994,299.0,-1.2499566035008058,-151.0,208.0,100.05964799999998,257.0311265197272,44.2520448920337,194.77096655247138,41.968873480272805,3468.4125000000004,True,-203.0,106.0,60.11980799999999,229.0087334579186,236.30164204800587,2.721369396499199,69.9912665420814,2753.3624999999997,True,-277.0,108.0,74.48889599999998,297.30960293942746,237.7207248812455,1.302286563259571,1.6903970605725362,4640.632500000001,True
psi1.00_ld0.80_lq1.00_vdc1.15_imax1.00,1.0,0.8,1.0,1.15,1.0,0.055,0.000144,0.00042,2.9166666666666665,413.99999999999994,260.0,-1.4340738451504809,-112.0,194.0,100.00156799999999,224.0089283934906,44.49910523112775,194.52390621337733,35.991071606509394,2634.45,True,-204.0,90.0,60.10416,222.97085011274456,237.22656528965555,1.7964461548495194,37.02914988725544,2610.0899999999997,True,-240.0,96.0,69.83424,258.48791074245617,236.23821863010141,2.7847928144036587,1.5120892575438347,3507.8399999999992,True
psi1.00_ld1.20_lq1.30_vdc1.15_imax1.15,1.0,1.2,1.3,1.15,1.15,0.055,0.00021600000000000002,0.000546,2.5277777777777777,413.99999999999994,299.0,-1.5098387476583515,-111.0,182.0,100.05995999999999,213.17832910500073,49.458680076539665,189.5643313679654,85.82167089499927,2385.8625,True,-207.0,82.0,60.668519999999994,222.64994947226015,238.62029019216342,0.40272125234164946,76.35005052773985,2602.5824999999995,True,-287.0,82.0,73.65732,298.4845054605012,237.29881003182848,1.7242014126765923,0.5154945394987749,4677.3825,True
psi0.85_ld0.80_lq1.60_vdc1.15_imax1.00,0.85,0.8,1.6,1.15,1.0,0.04675,0.000144,0.0006720000000000001,4.666666666666667,413.99999999999994,260.0,-1.732040491620232,-114.0,156.0,100.097712,193.21490625725542,51.23092869967456,187.7920827448305,66.78509374274458,1959.9299999999996,True,-212.0,64.0,60.935424,221.44976857066254,238.7822419361253,0.2407695083797705,38.55023142933746,2574.6000000000004,True,-250.0,66.0,70.785,258.5652722234755,238.44052952047758,0.5824819240274905,1.4347277765244826,3509.9399999999987,True
psi0.70_ld0.80_lq1.30_vdc1.15_imax1.00,0.7,0.8,1.3,1.15,1.0,0.0385,0.000144,0.000546,3.791666666666667,413.99999999999994,260.0,-1.8441109547432042,-140.0,176.0,100.08768,224.89108474992955,47.22673798128902,191.79627346321604,35.10891525007045,2655.2399999999993,True,-208.0,82.0,60.08107199999999,223.5799633240868,236.80711839924828,2.2158930452567915,36.420036675913195,2624.37,True,-246.0,82.0,67.59686400000001,259.3067681338071,234.37661922527323,4.646392219231842,0.6932318661928889,3530.1000000000004,True
psi1.00_ld1.00_lq1.60_vdc1.15_imax1.00,1.0,1.0,1.6,1.15,1.0,0.055,0.00018,0.0006720000000000001,3.7333333333333334,413.99999999999994,260.0,-1.953044696107499,-106.0,156.0,100.294272,188.60540819393276,51.849294446495136,187.17371699800992,71.39459180606724,1867.5299999999997,True,-216.0,64.0,61.928448,225.28204544525957,238.73403614061257,0.28897530389249937,34.71795455474043,2664.479999999999,True,-250.0,66.0,70.488,258.5652722234755,237.5779116184727,1.4450998260323615,1.4347277765244826,3509.9399999999987,True
psi0.70_ld1.00_lq1.60_vdc1.15_imax1.15,0.7,1.0,1.6,1.15,1.15,0.0385,0.00018,0.0006720000000000001,3.7333333333333334,413.99999999999994,299.0,-2.220582653158271,-131.0,162.0,100.069344,208.33866659840174,51.58195187193262,187.44105957257244,90.66133340159826,2278.7625,True,-221.0,68.0,60.07065600000001,231.22499864850255,237.46275609766334,1.5602553468417284,67.77500135149745,2806.9125000000004,True,-291.0,64.0,69.76204800000001,297.9546945426435,236.22451005332644,2.7985013911786325,1.0453054573565055,4660.7925,True
psi0.85_ld0.80_lq1.30_vdc1.15_imax1.00,0.85,0.8,1.3,1.15,1.0,0.04675,0.000144,0.000546,3.791666666666667,413.99999999999994,260.0,-2.29156490595925,-122.0,174.0,100.008936,212.5088233462319,47.71931394187785,191.30369750262722,47.49117665376809,2370.8999999999996,True,-204.0,78.0,60.25874400000001,218.40329667841556,238.84131635046433,0.18169509404074802,41.59670332158444,2504.2499999999995,True,-246.0,80.0,69.90816000000001,258.68127106537884,235.8582914339035,3.1647200106015703,1.3187289346211628,3513.0899999999992,True
psi0.85_ld1.20_lq1.60_vdc1.15_imax1.15,0.85,1.2,1.6,1.15,1.15,0.04675,0.00021600000000000002,0.0006720000000000001,3.111111111111111,413.99999999999994,299.0,-2.30505897985541,-121.0,164.0,100.295184,203.8062805705457,52.40873056364566,186.6142808808594,95.19371942945429,2180.6925,True,-221.0,68.0,60.190608,231.22499864850255,237.4421244243605,1.580887020144587,67.77500135149745,2806.9125000000004,True,-289.0,64.0,68.55705600000002,296.00168918436935,238.89232688431375,0.13068456019132668,2.9983108156306457,4599.892499999999,True
psi1.00_ld1.00_lq1.60_vdc1.00_imax1.15,1.0,1.0,1.6,1.0,1.15,0.055,0.00018,0.0006720000000000001,3.7333333333333334,360.0,299.0,-2.3727967746624916,-103.0,158.0,100.180848,188.60805921274945,52.38715082518549,155.4589460830798,110.39194078725055,1867.5825000000004,True,-253.0,56.0,60.303936,259.12352266824405,204.1100756829278,3.7360212253375096,39.87647733175595,3525.112499999999,True,-293.0,58.0,69.306288,298.6854532781936,206.60410351900822,1.2419933892570896,0.31454672180638,4683.682499999998,True
psi0.85_ld1.00_lq1.30_vdc1.15_imax1.00,0.85,1.0,1.3,1.15,1.0,0.04675,0.00018,0.000546,3.033333333333333,413.99999999999994,260.0,-2.5732341013626048,-134.0,174.0,100.008936,219.61784991206886,47.13101368500528,191.8919977594998,40.38215008793114,2532.1800000000003,True,-206.0,82.0,60.09583200000001,221.72054483064937,237.89476354586768,1.1282478986373974,38.279455169350626,2580.9,True,-246.0,82.0,67.298712,259.3067681338071,234.1580632192544,4.864948225250686,0.6932318661928889,3530.1000000000004,True
psi0.85_ld1.00_lq1.00_vdc1.15_imax1.15,0.85,1.0,1.0,1.15,1.15,0.04675,0.00018,0.00042,2.3333333333333335,413.99999999999994,299.0,-2.5820709812547715,-133.0,212.0,100.06824,250.2658586383688,45.2560203168215,193.76699112768358,48.7341413616312,3288.2324999999996,True,-199.0,106.0,60.108360000000005,225.47061892849808,238.08399242575985,0.9390190187452276,73.52938107150192,2668.9425,True,-277.0,108.0,73.37304,297.30960293942746,237.99455139327807,1.0284600512270003,1.6903970605725362,4640.632500000001,True
psi0.85_ld0.80_lq1.30_vdc1.00_imax1.15,0.85,0.8,1.3,1.0,1.15,0.04675,0.000144,0.000546,3.791666666666667,360.0,299.0,-2.6357804183913345,-125.0,172.0,100.10400000000001,212.6240814207083,47.29767106112599,160.54842584713933,86.37591857929169,2373.4725,True,-251.0,68.0,60.242016,260.0480724789169,203.19174732665664,4.65434958160867,38.95192752108312,3550.312500000001,True,-289.0,70.0,68.42975999999999,297.3566881709574,204.19417093229558,3.651925975969732,1.6433118290426023,4642.102499999998,True
psi1.00_ld0.80_lq1.30_vdc1.15_imax1.00,1.0,0.8,1.3,1.15,1.0,0.055,0.000144,0.000546,3.791666666666667,413.99999999999994,260.0,-2.8404631304830286,-110.0,168.0,100.01375999999999,200.80836635957178,47.78646862363862,191.23654282086645,59.19163364042822,2117.0099999999998,True,-216.0,72.0,61.271424,227.68399153212331,239.0215985749881,0.0014128695169688399,32.316008467876685,2721.6,True,-248.0,76.0,70.54137600000001,259.3838853899756,239.00875681280354,0.014254631701533071,0.6161146100243968,3532.2,True
psi0.70_ld0.80_lq1.00_vdc1.15_imax1.00,0.7,0.8,1.0,1.15,1.0,0.0385,0.000144,0.00042,2.9166666666666665,413.99999999999994,260.0,-3.066234517568441,-154.0,206.0,100.12094400000001,257.2003110418026,43.93762272497944,195.08538871952564,2.7996889581974074,3472.98,True,-204.0,106.0,60.29534399999999,229.89562849258357,236.1828579620735,2.8401534824315604,30.10437150741643,2774.7299999999996,True,-236.0,108.0,67.156128,259.53805116013336,237.7434968785324,1.2795145659726757,0.46194883986663626,3536.399999999999,True
psi0.85_ld0.80_lq1.00_vdc1.15_imax1.00,0.85,0.8,1.0,1.15,1.0,0.04675,0.000144,0.00042,2.9166666666666665,413.99999999999994,260.0,-3.1534703839334863,-136.0,198.0,100.13176800000001,240.20824298928628,43.62238502780442,195.40062641670065,19.791757010713724,3029.25,True,-194.0,100.0,60.176399999999994,218.25672956406177,238.95652982843856,0.06648161606651115,41.74327043593823,2500.89,True,-238.0,104.0,70.16131200000001,259.7306296916095,237.35521963792561,1.6677918065794586,0.26937030839047793,3541.6500000000005,True
psi1.00_ld1.20_lq1.30_vdc1.15_imax1.00,1.0,1.2,1.3,1.15,1.0,0.055,0.00021600000000000002,0.000546,2.5277777777777777,413.99999999999994,260.0,-3.2921770054485933,-114.0,180.0,100.02960000000002,213.06337085477645,49.00103154740467,190.0219798971004,46.93662914522355,2383.2900000000004,True,-206.0,82.0,60.50616,221.72054483064937,238.83694844995367,0.1860629945514063,38.279455169350626,2580.9,True,-246.0,82.0,67.00056000000001,259.3067681338071,233.97896232099623,5.044049123508842,0.6932318661928889,3530.1000000000004,True
psi0.85_ld1.20_lq1.60_vdc1.15_imax1.00,0.85,1.2,1.6,1.15,1.0,0.04675,0.00021600000000000002,0.0006720000000000001,3.111111111111111,413.99999999999994,260.0,-3.3830659209273435,-126.0,160.0,100.03775999999999,203.65657367244495,51.33270057637832,187.69031086812674,56.34342632755505,2177.49,True,-220.0,68.0,60.00456,230.26940743398808,237.39782736543242,1.6251840790726533,29.73059256601192,2783.76,True,-250.0,66.0,63.657000000000004,258.5652722234755,234.18819049662176,4.8348209478833155,1.4347277765244826,3509.9399999999987,True
psi1.00_ld1.20_lq1.00_vdc1.15_imax1.15,1.0,1.2,1.0,1.15,1.15,0.055,0.00021600000000000002,0.00042,1.9444444444444444,413.99999999999994,299.0,-3.513623918778576,-109.0,216.0,100.09785600000001,241.9442084448396,46.674892372449285,192.3481190720558,57.0557915551604,3073.192499999999,True,-201.0,106.0,61.058544000000005,227.2377609465469,238.98266136328365,0.04035008122141903,71.7622390534531,2710.9424999999997,True,-277.0,108.0,72.25718400000001,297.30960293942746,238.58229772847142,0.44071371603365606,1.6903970605725362,4640.632500000001,True
psi0.85_ld0.80_lq1.60_vdc1.00_imax1.15,0.85,0.8,1.6,1.0,1.15,0.04675,0.000144,0.0006720000000000001,4.666666666666667,360.0,299.0,-3.5652483793973637,-117.0,154.0,100.27802400000002,193.40372281835735,50.71377816430766,157.13231874395765,105.59627718164265,1963.7625,True,-251.0,56.0,60.237408,257.1711492372346,205.51593328766268,2.330163620602633,41.8288507627654,3472.1924999999997,True,-293.0,58.0,70.10599200000001,298.6854532781936,207.67286135197324,0.17323555629207021,0.31454672180638,4683.682499999998,True
psi0.70_ld1.00_lq1.60_vdc1.15_imax1.00,0.7,1.0,1.6,1.15,1.0,0.0385,0.00018,0.0006720000000000001,3.7333333333333334,413.99999999999994,260.0,-3.824106541557425,-126.0,166.0,100.090032,208.4034548657963,52.62739030386985,186.39562114063523,51.596545134203694,2280.18,True,-222.0,68.0,60.271392000000006,232.18096390531244,237.5149179860625,1.5080934584425734,27.81903609468756,2830.1699999999996,True,-250.0,66.0,63.95400000000001,258.5652722234755,233.6685002339099,5.354511210595177,1.4347277765244826,3509.9399999999987,True
psi0.85_ld1.00_lq1.00_vdc1.15_imax1.00,0.85,1.0,1.0,1.15,1.0,0.04675,0.00018,0.00042,2.3333333333333335,413.99999999999994,260.0,-4.076845144965967,-136.0,210.0,100.0314,250.1919263285688,44.916456402314,194.10655504219108,9.808073671431202,3286.2899999999995,True,-200.0,106.0,60.260999999999996,226.35370551417972,237.89667658947104,1.126334855034031,33.64629448582028,2689.8899999999994,True,-236.0,108.0,66.99672,259.53805116013336,237.60894955624258,1.414061888262495,0.46194883986663626,3536.399999999999,True
psi0.85_ld0.80_lq1.00_vdc1.00_imax1.15,0.85,0.8,1.0,1.0,1.15,0.04675,0.000144,0.00042,2.9166666666666665,360.0,299.0,-4.138611029675813,-133.0,200.0,100.1496,240.18534509832193,43.95195371934809,163.8941431889172,58.81465490167807,3028.6724999999997,True,-243.0,88.0,60.095904,258.44341740504825,203.99450193794112,3.851594970324186,40.55658259495175,3506.6324999999997,True,-283.0,92.0,68.921616,297.578561055732,206.84027492575683,1.005821982508479,1.4214389442680044,4649.032500000001,True
psi1.00_ld0.80_lq1.60_vdc1.00_imax1.15,1.0,0.8,1.6,1.0,1.15,0.055,0.000144,0.0006720000000000001,4.666666666666667,360.0,299.0,-4.472406683379221,-101.0,154.0,100.09507200000002,184.16568627190028,51.932739544220816,155.9133573640445,114.83431372809972,1780.6425000000004,True,-261.0,52.0,60.156096000000005,266.1296676434253,205.25661759164453,2.589479316620782,32.87033235657469,3718.3125000000005,True,-293.0,54.0,67.944096,297.9345565724124,203.73750098523354,4.108595923031771,1.0654434275875815,4660.1625,True
psi0.70_ld1.00_lq1.30_vdc1.15_imax1.15,0.7,1.0,1.3,1.15,1.15,0.0385,0.00018,0.000546,3.033333333333333,413.99999999999994,299.0,-4.67138344522154,-143.0,184.0,100.28515200000001,233.03433223454437,48.539612846936656,190.48339859756842,65.96566776545563,2851.0125000000007,True,-221.0,84.0,60.17054400000001,236.4254639415983,238.2982248897266,0.7247865547784613,62.57453605840169,2934.5924999999997,True,-287.0,80.0,68.90016,297.9412693803932,238.18360189900685,0.8394095454982278,1.0587306196068198,4660.3725,True
psi0.70_ld0.80_lq1.60_vdc1.00_imax1.15,0.7,0.8,1.6,1.0,1.15,0.0385,0.000144,0.0006720000000000001,4.666666666666667,360.0,299.0,-4.724431375820226,-127.0,158.0,100.06708800000001,202.71408436514716,50.88275971962429,156.96333718864102,96.28591563485284,2157.3825,True,-255.0,58.0,60.252720000000004,261.51290599127225,205.13366628408554,2.712430624179774,37.48709400872775,3590.4224999999997,True,-293.0,58.0,67.234992,298.6854532781936,206.8311843840216,1.014912524243698,0.31454672180638,4683.682499999998,True
psi1.00_ld1.00_lq1.60_vdc1.00_imax1.00,1.0,1.0,1.6,1.0,1.0,0.055,0.00018,0.0006720000000000001,3.7333333333333334,360.0,260.0,-4.749023278557326,-106.0,156.0,100.294272,188.60540819393276,51.849294446495136,155.9968024617702,71.39459180606724,1867.5299999999997,True,-252.0,56.0,60.138624,258.14724480420085,204.29751618682263,3.5485807214426757,1.8527551957991477,3498.5999999999995,True,-252.0,56.0,60.138624,258.14724480420085,204.29751618682263,3.5485807214426757,1.8527551957991477,3498.5999999999995,True
psi0.85_ld0.80_lq1.30_vdc1.00_imax1.00,0.85,0.8,1.3,1.0,1.0,0.04675,0.000144,0.000546,3.791666666666667,360.0,260.0,-4.781923344711318,-122.0,174.0,100.008936,212.5088233462319,47.71931394187785,160.12678296638745,47.49117665376809,2370.8999999999996,True,-250.0,68.0,60.078,259.0829982843336,203.35770025297663,4.488396655288682,0.9170017156664017,3524.0099999999998,True,-250.0,68.0,60.078,259.0829982843336,203.35770025297663,4.488396655288682,0.9170017156664017,3524.0099999999998,True
psi0.85_ld1.00_lq1.60_vdc1.00_imax1.15,0.85,1.0,1.6,1.0,1.15,0.04675,0.00018,0.0006720000000000001,3.7333333333333334,360.0,299.0,-4.853396179968479,-117.0,160.0,100.14144000000002,198.2145302443794,51.78534084363096,156.06075606463435,100.7854697556206,2062.672499999999,True,-257.0,58.0,60.27151200000001,263.46346995361614,204.9589970882338,2.8870998200315228,35.53653004638386,3644.1825,True,-291.0,58.0,66.092856,296.7237772744207,207.7671521901165,0.07894471814881854,2.2762227255793164,4622.3625,True
psi0.85_ld1.20_lq1.30_vdc1.15_imax1.15,0.85,1.2,1.3,1.15,1.15,0.04675,0.00021600000000000002,0.000546,2.5277777777777777,413.99999999999994,299.0,-4.923577223783591,-127.0,188.0,100.00847999999999,226.87661845152752,49.659007722569555,189.36400372193552,72.12338154847248,2702.3325000000004,True,-221.0,84.0,60.31872,236.4254639415983,238.28113866828866,0.741872776216411,62.57453605840169,2934.5924999999997,True,-279.0,80.0,66.6336,290.2430016382824,238.3936697813794,0.6293416631256719,8.756998361717592,4422.6525,True
psi1.00_ld1.20_lq1.60_vdc1.00_imax1.15,1.0,1.2,1.6,1.0,1.15,0.055,0.00021600000000000002,0.0006720000000000001,3.111111111111111,360.0,299.0,-5.401101918570374,-111.0,158.0,100.123968,193.0932417253385,51.786742133587296,156.059354774678,105.90675827466151,1957.4624999999996,True,-259.0,58.0,60.240192,265.41476974727686,204.99772482683568,2.8483720814296305,33.585230252723136,3698.3625,True,-283.0,58.0,64.04870399999999,288.88232898535,207.82116049677663,0.024936411488681642,10.11767101465,4381.282499999999,True
psi0.85_ld1.20_lq1.30_vdc1.15_imax1.00,0.85,1.2,1.3,1.15,1.0,0.04675,0.00021600000000000002,0.000546,2.5277777777777777,413.99999999999994,260.0,-5.7109842223534795,-130.0,186.0,100.0494,226.92730113408567,49.22194798758647,189.8010634569186,33.07269886591433,2703.54,True,-220.0,84.0,60.1524,235.49097647256042,238.23942566685855,0.7835857776465218,24.50902352743958,2911.439999999999,True,-246.0,82.0,62.941559999999996,259.3067681338071,235.4797563101793,3.5432551343257614,0.6932318661928889,3530.1000000000004,True
psi0.85_ld1.20_lq1.00_vdc1.15_imax1.15,0.85,1.2,1.0,1.15,1.15,0.04675,0.00021600000000000002,0.00042,1.9444444444444444,413.99999999999994,299.0,-5.742750406416707,-139.0,222.0,100.04119200000001,261.92556194461054,46.340198962790886,192.6828124817142,37.074438055389464,3601.7625000000003,True,-225.0,108.0,60.0372,249.57764322951687,235.94378785092178,3.0792235935832935,49.422356770483134,3270.1725,True,-279.0,104.0,64.687584,297.75325355065394,238.16555387630083,0.8574575682042394,1.2467464493460625,4654.4925,True
psi0.85_ld0.80_lq1.60_vdc1.00_imax1.00,0.85,0.8,1.6,1.0,1.0,0.04675,0.000144,0.0006720000000000001,4.666666666666667,360.0,260.0,-6.039940886069424,-114.0,156.0,100.097712,193.21490625725542,51.23092869967456,156.61516820859075,66.78509374274458,1959.9299999999996,True,-250.0,56.0,60.06,256.1952380509833,205.67810179433474,2.167995113930573,3.804761949016722,3445.889999999999,True,-252.0,56.0,60.414816,258.14724480420085,205.3561939698816,2.4899029383837217,1.8527551957991477,3498.5999999999995,True
psi0.70_ld1.00_lq1.00_vdc1.15_imax1.15,0.7,1.0,1.0,1.15,1.15,0.0385,0.00018,0.00042,2.3333333333333335,413.99999999999994,299.0,-6.142625695683675,-147.0,226.0,100.04568,269.60155785900054,46.73592612679108,192.287085317714,29.398442140999464,3815.9625000000005,True,-227.0,108.0,60.25104,251.38217916153087,236.08762714018874,2.9353843043163295,47.61782083846913,3317.6324999999997,True,-273.0,106.0,66.15671999999999,292.85662020859286,238.58629680663063,0.4367146378744451,6.143379791407142,4502.6625,True
psi0.70_ld1.00_lq1.30_vdc1.15_imax1.00,0.7,1.0,1.3,1.15,1.0,0.0385,0.00018,0.000546,3.033333333333333,413.99999999999994,260.0,-6.221542726401589,-140.0,186.0,100.14984,232.80034364235806,48.95381281579778,190.06919862870728,27.199656357641942,2845.29,True,-222.0,84.0,60.355008,237.36048533822978,238.34820217090666,0.674809273598413,22.63951466177022,2957.8499999999995,True,-246.0,82.0,63.239712,259.3067681338071,235.12108112035165,3.901930324153426,0.6932318661928889,3530.1000000000004,True
psi0.85_ld0.80_lq1.00_vdc1.00_imax1.00,0.85,0.8,1.0,1.0,1.0,0.04675,0.000144,0.00042,2.9166666666666665,360.0,260.0,-6.224795951039418,-136.0,198.0,100.13176800000001,240.20824298928628,43.62238502780442,164.22371188046088,19.791757010713724,3029.25,True,-244.0,88.0,60.241631999999996,259.3838853899756,203.80840085930473,4.0376960489605835,0.6161146100243968,3532.2,True,-244.0,88.0,60.241631999999996,259.3838853899756,203.80840085930473,4.0376960489605835,0.6161146100243968,3532.2,True
psi1.00_ld1.00_lq1.30_vdc1.00_imax1.15,1.0,1.0,1.3,1.0,1.15,0.055,0.00018,0.000546,3.033333333333333,360.0,299.0,-6.920140412982407,-115.0,172.0,100.19688000000001,206.90335908341362,47.916403622544706,159.9296932857206,92.09664091658638,2247.4725,True,-251.0,70.0,61.68372000000001,260.5782032327339,207.47295732124772,0.3731395870175902,38.42179676726607,3564.802499999999,True,-289.0,70.0,67.52508,297.3566881709574,202.97934632309568,4.866750585169626,1.6433118290426023,4642.102499999998,True
psi1.00_ld0.80_lq1.30_vdc1.00_imax1.15,1.0,0.8,1.3,1.0,1.15,0.055,0.000144,0.000546,3.791666666666667,360.0,299.0,-6.949830268204138,-113.0,166.0,100.02429599999999,200.81085628023203,47.35772593978083,160.48837096848447,98.18914371976797,2117.0625000000005,True,-253.0,64.0,60.175104000000005,260.969346858975,207.78699517646945,0.05910173179586309,38.03065314102503,3575.5125000000003,True,-291.0,66.0,68.104872,298.390683500675,203.0929169618309,4.753179946434415,0.6093164993250184,4674.442499999999,True
psi1.00_ld0.80_lq1.00_vdc1.00_imax1.15,1.0,0.8,1.0,1.0,1.15,0.055,0.000144,0.00042,2.9166666666666665,360.0,299.0,-7.367107623574215,-119.0,190.0,100.14215999999999,224.18965185752887,43.81602460871606,164.03007229954926,74.81034814247113,2638.7025,True,-247.0,82.0,60.60062399999999,260.2556435507211,207.71597453183952,0.1301223764257884,38.74435644927888,3555.9825000000005,True,-285.0,86.0,68.96856,297.6927946726289,205.03815672751853,2.807940180746783,1.3072053273710935,4652.602499999998,True
psi0.70_ld0.80_lq1.30_vdc1.00_imax1.15,0.7,0.8,1.3,1.0,1.15,0.0385,0.000144,0.000546,3.791666666666667,360.0,299.0,-7.535197628386886,-135.0,180.0,100.1916,225.0,48.06394762128762,159.7821492869777,74.0,2657.8124999999995,True,-251.0,72.0,60.221664000000004,261.1225765804252,206.8878045366522,0.958292371613112,37.877423419574825,3579.7125000000005,True,-285.0,72.0,66.12624000000001,293.95407804621453,207.83145066638238,0.014646241882928734,5.0459219537854665,4536.472499999999,True
psi1.00_ld1.00_lq1.00_vdc1.00_imax1.15,1.0,1.0,1.0,1.0,1.15,0.055,0.00018,0.00042,2.3333333333333335,360.0,299.0,-7.630400186248545,-115.0,202.0,100.1112,232.44139046219803,44.99750537254287,162.84859153572245,66.55860953780197,2836.5225000000005,True,-241.0,90.0,60.9336,257.25668115716644,207.76740709451386,0.07868981375145268,41.74331884283356,3474.5024999999996,True,-283.0,92.0,67.85184000000001,297.578561055732,205.49371197289017,2.3523849353751416,1.4214389442680044,4649.032500000001,True
psi0.85_ld1.00_lq1.30_vdc1.00_imax1.15,0.85,1.0,1.3,1.0,1.15,0.04675,0.00018,0.000546,3.033333333333333,360.0,299.0,-7.758504238848522,-123.0,182.0,100.21065600000001,219.66565503054863,48.864372267456396,158.98172464080892,79.33434496945137,2533.2825,True,-253.0,72.0,60.198336,263.0456234192084,206.63779114711383,1.208305761151479,35.954376580791575,3632.6325,True,-289.0,70.0,64.06008,297.3566881709574,203.6535250464741,4.192571861791208,1.6433118290426023,4642.102499999998,True
psi1.00_ld1.20_lq1.30_vdc1.00_imax1.15,1.0,1.2,1.3,1.0,1.15,0.055,0.00021600000000000002,0.000546,2.5277777777777777,360.0,299.0,-7.7982464666908236,-111.0,182.0,100.05995999999999,213.17832910500073,49.458680076539665,158.38741683172566,85.82167089499927,2385.8625,True,-255.0,72.0,60.11279999999999,264.9698096010185,206.53952337495613,1.3065735333091766,34.03019039898152,3685.9725,True,-289.0,70.0,63.1554,297.3566881709574,205.21343835911162,2.632658549153689,1.6433118290426023,4642.102499999998,True
psi1.00_ld1.00_lq1.30_vdc1.00_imax1.00,1.0,1.0,1.3,1.0,1.0,0.055,0.00018,0.000546,3.033333333333333,360.0,260.0,-8.511398221154291,-112.0,174.0,100.21564800000002,206.92993983471797,48.361497990771255,159.48459891749405,53.07006016528203,2248.0500000000006,True,-250.0,70.0,61.53,259.61509971494337,207.6668951294196,0.17920177884570876,0.38490028505663076,3538.4999999999995,True,-250.0,70.0,61.53,259.61509971494337,207.6668951294196,0.17920177884570876,0.38490028505663076,3538.4999999999995,True
psi1.00_ld1.00_lq1.00_vdc1.00_imax1.00,1.0,1.0,1.0,1.0,1.0,0.055,0.00018,0.00042,2.3333333333333335,360.0,260.0,-9.201668342565148,-122.0,198.0,100.12464000000001,232.568269546815,44.27758178522463,163.56851512304067,27.431730453184997,2839.6200000000003,True,-242.0,90.0,61.063199999999995,258.1937257177254,207.53460525083045,0.31149165743485696,1.8062742822746145,3499.86,True,-242.0,90.0,61.063199999999995,258.1937257177254,207.53460525083045,0.31149165743485696,1.8062742822746145,3499.86,True
psi0.85_ld1.00_lq1.00_vdc1.00_imax1.15,0.85,1.0,1.0,1.0,1.15,0.04675,0.00018,0.00042,2.3333333333333335,360.0,299.0,-10.363859624929619,-133.0,212.0,100.06824,250.2658586383688,45.2560203168215,162.59007659144382,48.7341413616312,3288.2324999999996,True,-249.0,94.0,60.071639999999995,266.1522120892479,207.57006653319493,0.276030375070377,32.84778791075212,3718.9424999999987,True,-283.0,92.0,63.29784,297.578561055732,204.90901185146646,2.93708505679885,1.4214389442680044,4649.032500000001,True
psi1.00_ld1.20_lq1.00_vdc1.00_imax1.15,1.0,1.2,1.0,1.0,1.15,0.055,0.00021600000000000002,0.00042,1.9444444444444444,360.0,299.0,-10.40685066975215,-109.0,216.0,100.09785600000001,241.9442084448396,46.674892372449285,161.17120453581603,57.0557915551604,3073.192499999999,True,-253.0,94.0,60.129168,269.89812893015767,207.36485357801746,0.4812433302478496,29.101871069842332,3824.3625,True,-283.0,92.0,62.228064,297.578561055732,205.98591712276522,1.8601797855000939,1.4214389442680044,4649.032500000001,True
psi0.70_ld0.80_lq1.00_vdc1.00_imax1.15,0.7,0.8,1.0,1.0,1.15,0.0385,0.000144,0.00042,2.9166666666666665,360.0,299.0,-10.712268326872778,-151.0,208.0,100.05964799999998,257.0311265197272,44.2520448920337,163.59405201623161,41.968873480272805,3468.4125000000004,True,-249.0,94.0,60.474335999999994,266.1522120892479,207.8255592351381,0.020537673127222433,32.84778791075212,3718.9424999999987,True,-283.0,92.0,64.367616,297.578561055732,204.29145831062013,3.55463859764518,1.4214389442680044,4649.032500000001,True
psi1.00_ld0.80_lq1.00_vdc1.00_imax1.00,1.0,0.8,1.0,1.0,1.0,0.055,0.000144,0.00042,2.9166666666666665,360.0,260.0,-500000.0,-112.0,194.0,100.00156799999999,224.0089283934906,44.49910523112775,163.34699167713757,35.991071606509394,2634.45,True,,,,,,,,,False,-246.0,80.0,58.990080000000006,258.68127106537884,204.3241260141264,3.521970894138917,1.3187289346211628,3513.0899999999992,True
psi1.00_ld0.80_lq1.30_vdc1.00_imax1.00,1.0,0.8,1.3,1.0,1.0,0.055,0.000144,0.000546,3.791666666666667,360.0,260.0,-500000.0,-110.0,168.0,100.01375999999999,200.80836635957178,47.78646862363862,160.05962828462668,59.19163364042822,2117.0099999999998,True,,,,,,,,,False,-252.0,62.0,58.145088,259.5149321330085,203.2067185941749,4.639378314090408,0.48506786699152826,3535.7699999999995,True
psi1.00_ld0.80_lq1.60_vdc1.00_imax1.00,1.0,0.8,1.6,1.0,1.0,0.055,0.000144,0.0006720000000000001,4.666666666666667,360.0,260.0,-500000.0,-104.0,152.0,100.23974399999999,184.1738309315414,51.411362255436245,156.43473465282906,75.8261690684586,1780.8000000000002,True,,,,,,,,,False,-254.0,52.0,59.002944,259.268200904006,207.2945321222589,0.5515647860064234,0.7317990959940062,3529.0500000000006,True
psi1.00_ld1.20_lq1.00_vdc1.00_imax1.00,1.0,1.2,1.0,1.0,1.0,0.055,0.00021600000000000002,0.00042,1.9444444444444444,360.0,260.0,-500000.0,-116.0,212.0,100.060608,241.66091947189145,45.92296120728472,161.9231357009806,18.339080528108553,3066.0,True,,,,,,,,,False,-242.0,94.0,58.863552,259.61509971494337,207.61549257098437,0.230604337280937,0.38490028505663076,3538.4999999999995,True
psi1.00_ld1.20_lq1.30_vdc1.00_imax1.00,1.0,1.2,1.3,1.0,1.0,0.055,0.00021600000000000002,0.000546,2.5277777777777777,360.0,260.0,-500000.0,-114.0,180.0,100.02960000000002,213.06337085477645,49.00103154740467,158.84506536086064,46.93662914522355,2383.2900000000004,True,,,,,,,,,False,-248.0,72.0,59.11488,258.2401982651036,206.51244551371974,1.3336513945455692,1.7598017348964277,3501.12,True
psi1.00_ld1.20_lq1.60_vdc1.00_imax1.00,1.0,1.2,1.6,1.0,1.0,0.055,0.00021600000000000002,0.0006720000000000001,3.111111111111111,360.0,260.0,-500000.0,-108.0,160.0,100.07808,193.03885619221847,52.33677859902228,155.50931830924304,66.96114380778153,1956.3600000000004,True,,,,,,,,,False,-252.0,58.0,59.129376,258.58847615468096,204.79301642390533,3.053080484359981,1.4115238453190386,3510.57,True
psi0.85_ld1.00_lq1.00_vdc1.00_imax1.00,0.85,1.0,1.0,1.0,1.0,0.04675,0.00018,0.00042,2.3333333333333335,360.0,260.0,-500000.0,-136.0,210.0,100.0314,250.1919263285688,44.916456402314,162.9296405059513,9.808073671431202,3286.2899999999995,True,,,,,,,,,False,-242.0,94.0,59.124120000000005,259.61509971494337,207.81856016237512,0.027536745890188286,0.38490028505663076,3538.4999999999995,True
psi0.85_ld1.00_lq1.30_vdc1.00_imax1.00,0.85,1.0,1.3,1.0,1.0,0.04675,0.00018,0.000546,3.033333333333333,360.0,260.0,-500000.0,-134.0,174.0,100.008936,219.61784991206886,47.13101368500528,160.71508322326002,40.38215008793114,2532.1800000000003,True,,,,,,,,,False,-248.0,72.0,59.407776,258.2401982651036,206.70085295646766,1.145243951797653,1.7598017348964277,3501.12,True
psi0.85_ld1.00_lq1.60_vdc1.00_imax1.00,0.85,1.0,1.6,1.0,1.0,0.04675,0.00018,0.0006720000000000001,3.7333333333333334,360.0,260.0,-500000.0,-120.0,158.0,100.28891999999999,198.40362899906847,51.257426939833756,156.58866996843156,61.596371000931526,2066.6100000000006,True,,,,,,,,,False,-252.0,58.0,59.41543200000001,258.58847615468096,204.93320887062407,2.9128880376412383,1.4115238453190386,3510.57,True
psi0.85_ld1.20_lq1.00_vdc1.00_imax1.15,0.85,1.2,1.0,1.0,1.15,0.04675,0.00021600000000000002,0.00042,1.9444444444444444,360.0,299.0,-500000.0,-139.0,222.0,100.04119200000001,261.92556194461054,46.340198962790886,161.50589794547443,37.074438055389464,3601.7625000000003,True,,,,,,,,,False,-283.0,88.0,55.166496,296.36632737205485,207.55864415178686,0.28745275647844437,2.6336726279451455,4611.232499999998,True
psi0.85_ld1.20_lq1.30_vdc1.00_imax1.00,0.85,1.2,1.3,1.0,1.0,0.04675,0.00021600000000000002,0.000546,2.5277777777777777,360.0,260.0,-500000.0,-130.0,186.0,100.0494,226.92730113408567,49.22194798758647,158.62414892067883,33.07269886591433,2703.54,True,,,,,,,,,False,-242.0,72.0,54.69552,252.4836628378161,207.61320094522148,0.23289596304383053,7.516337162183902,3346.77,True
psi0.85_ld1.20_lq1.30_vdc1.00_imax1.15,0.85,1.2,1.3,1.0,1.15,0.04675,0.00021600000000000002,0.000546,2.5277777777777777,360.0,299.0,-500000.0,-127.0,188.0,100.00847999999999,226.87661845152752,49.659007722569555,158.18708918569575,72.12338154847248,2702.3325000000004,True,,,,,,,,,False,-281.0,68.0,56.90783999999999,289.110705439975,207.80479114863553,0.041305759629779004,9.889294560025007,4388.2125,True
psi0.85_ld1.20_lq1.60_vdc1.00_imax1.00,0.85,1.2,1.6,1.0,1.0,0.04675,0.00021600000000000002,0.0006720000000000001,3.111111111111111,360.0,260.0,-500000.0,-126.0,160.0,100.03775999999999,203.65657367244495,51.33270057637832,156.51339633188698,56.34342632755505,2177.49,True,,,,,,,,,False,-250.0,58.0,55.940999999999995,256.6398254363496,207.5376496725356,0.3084472357297159,3.3601745636503892,3457.8599999999997,True
psi0.85_ld1.20_lq1.60_vdc1.00_imax1.15,0.85,1.2,1.6,1.0,1.15,0.04675,0.00021600000000000002,0.0006720000000000001,3.111111111111111,360.0,299.0,-500000.0,-121.0,164.0,100.295184,203.8062805705457,52.40873056364566,155.43736634461965,95.19371942945429,2180.6925,True,,,,,,,,,False,-289.0,54.0,57.845016,294.0017006753532,207.30735764665698,0.5387392616083275,4.99829932464678,4537.942499999999,True
psi0.70_ld0.80_lq1.00_vdc1.00_imax1.00,0.7,0.8,1.0,1.0,1.0,0.0385,0.000144,0.00042,2.9166666666666665,360.0,260.0,-500000.0,-154.0,206.0,100.12094400000001,257.2003110418026,43.93762272497944,163.90847418328588,2.7996889581974074,3472.98,True,,,,,,,,,False,-242.0,92.0,58.121184,258.897663179875,203.8410216484447,4.0050752598206145,1.1023368201250037,3518.9700000000003,True
psi0.70_ld0.80_lq1.30_vdc1.00_imax1.00,0.7,0.8,1.3,1.0,1.0,0.0385,0.000144,0.000546,3.791666666666667,360.0,260.0,-500000.0,-140.0,176.0,100.08768,224.89108474992955,47.22673798128902,160.6193589269763,35.10891525007045,2655.2399999999993,True,,,,,,,,,False,-248.0,72.0,59.700672000000004,258.2401982651036,206.94521979949317,0.9008771087721357,1.7598017348964277,3501.12,True
psi0.70_ld0.80_lq1.60_vdc1.00_imax1.00,0.7,0.8,1.6,1.0,1.0,0.0385,0.000144,0.0006720000000000001,4.666666666666667,360.0,260.0,-500000.0,-122.0,162.0,100.03435200000001,202.8003944769339,51.91874796677896,155.92734894148634,57.19960552306611,2159.2200000000003,True,,,,,,,,,False,-252.0,58.0,59.701488,258.58847615468096,205.15653666645397,2.6895602418113356,1.4115238453190386,3510.57,True
psi0.70_ld1.00_lq1.00_vdc1.00_imax1.15,0.7,1.0,1.0,1.0,1.15,0.0385,0.00018,0.00042,2.3333333333333335,360.0,299.0,-500000.0,-147.0,226.0,100.04568,269.60155785900054,46.73592612679108,161.11017078147424,29.398442140999464,3815.9625000000005,True,,,,,,,,,False,-279.0,90.0,56.94840000000001,293.15695454824197,207.40484178948313,0.4412551187821805,5.84304545175803,4511.902500000001,True
psi0.70_ld1.00_lq1.30_vdc1.00_imax1.00,0.7,1.0,1.3,1.0,1.0,0.0385,0.00018,0.000546,3.033333333333333,360.0,260.0,-500000.0,-140.0,186.0,100.14984,232.80034364235806,48.95381281579778,158.89228409246752,27.199656357641942,2845.29,True,,,,,,,,,False,-244.0,72.0,55.211328,254.40125785852553,207.62100394792128,0.22509296034402837,5.5987421414744745,3397.7999999999997,True
psi0.70_ld1.00_lq1.30_vdc1.00_imax1.15,0.7,1.0,1.3,1.0,1.15,0.0385,0.00018,0.000546,3.033333333333333,360.0,299.0,-500000.0,-143.0,184.0,100.28515200000001,233.03433223454437,48.539612846936656,159.30648406132866,65.96566776545563,2851.0125000000007,True,,,,,,,,,False,-289.0,68.0,58.863792000000004,296.89223634174067,207.38247952046194,0.46361738780336736,2.10776365825933,4627.6125,True
psi0.70_ld1.00_lq1.60_vdc1.00_imax1.00,0.7,1.0,1.6,1.0,1.0,0.0385,0.00018,0.0006720000000000001,3.7333333333333334,360.0,260.0,-500000.0,-126.0,166.0,100.090032,208.4034548657963,52.62739030386985,155.21870660439546,51.596545134203694,2280.18,True,,,,,,,,,False,-252.0,58.0,56.544432,258.58847615468096,207.29075167600138,0.5553452322639316,1.4115238453190386,3510.57,True
psi0.70_ld1.00_lq1.60_vdc1.00_imax1.15,0.7,1.0,1.6,1.0,1.15,0.0385,0.00018,0.0006720000000000001,3.7333333333333334,360.0,299.0,-500000.0,-131.0,162.0,100.069344,208.33866659840174,51.58195187193262,156.2641450363327,90.66133340159826,2278.7625,True,,,,,,,,,False,-281.0,56.0,59.38867200000001,286.5257405539684,207.48845157300295,0.35764533526236164,12.474259446031624,4310.0925,True
psi0.70_ld1.20_lq1.00_vdc1.00_imax1.15,0.7,1.2,1.0,1.0,1.15,0.0385,0.00021600000000000002,0.00042,1.9444444444444444,360.0,299.0,-500000.0,-155.0,238.0,100.13136000000002,284.0228864017828,48.43313180264054,159.41296510562478,14.977113598217215,4235.1224999999995,True,,,,,,,,,False,-247.0,88.0,46.932863999999995,262.20793275566626,207.18213217609616,0.6639647321691484,36.79206724433374,3609.5325,True
psi0.70_ld1.20_lq1.00_vdc1.15_imax1.15,0.7,1.2,1.0,1.15,1.15,0.0385,0.00021600000000000002,0.00042,1.9444444444444444,413.99999999999994,299.0,-500000.0,-155.0,238.0,100.13136000000002,284.0228864017828,48.43313180264054,190.58987964186454,14.977113598217215,4235.1224999999995,True,,,,,,,,,False,-257.0,102.0,55.647936,276.5013562353718,238.82928009563764,0.1937313488674306,22.498643764628184,4013.7825,True
psi0.70_ld1.20_lq1.30_vdc1.00_imax1.00,0.7,1.2,1.3,1.0,1.0,0.0385,0.00021600000000000002,0.000546,2.5277777777777777,360.0,260.0,-500000.0,-144.0,194.0,100.12728,241.60298011407062,50.38904778126033,157.45704912700498,18.39701988592938,3064.53,True,,,,,,,,,False,-246.0,68.0,48.82944,255.22539058643832,207.80948754505923,0.036609363206082435,4.774609413561677,3419.85,True
psi0.70_ld1.20_lq1.30_vdc1.00_imax1.15,0.7,1.2,1.3,1.0,1.15,0.0385,0.00021600000000000002,0.000546,2.5277777777777777,360.0,299.0,-500000.0,-147.0,192.0,100.23552,241.81191037663964,49.97718904828561,157.86890785997969,57.188089623360355,3069.8325000000004,True,,,,,,,,,False,-257.0,66.0,48.83076,265.33940529065785,207.53932932457425,0.3067675836910553,33.66059470934215,3696.2624999999994,True
psi0.70_ld1.20_lq1.30_vdc1.15_imax1.00,0.7,1.2,1.3,1.15,1.0,0.0385,0.00021600000000000002,0.000546,2.5277777777777777,413.99999999999994,260.0,-500000.0,-144.0,194.0,100.12728,241.60298011407062,50.38904778126033,188.63396366324474,18.39701988592938,3064.53,True,,,,,,,,,False,-246.0,80.0,57.446400000000004,258.68127106537884,238.89237735464062,0.1306340898644578,1.3187289346211628,3513.0899999999992,True
psi0.70_ld1.20_lq1.30_vdc1.15_imax1.15,0.7,1.2,1.3,1.15,1.15,0.0385,0.00021600000000000002,0.000546,2.5277777777777777,413.99999999999994,299.0,-500000.0,-147.0,192.0,100.23552,241.81191037663964,49.97718904828561,189.04582239621948,57.188089623360355,3069.8325000000004,True,,,,,,,,,False,-269.0,76.0,58.035120000000006,279.5299626158169,238.15036995310297,0.8726414914021063,19.470037384183115,4102.192499999999,True
psi0.70_ld1.20_lq1.60_vdc1.00_imax1.00,0.7,1.2,1.6,1.0,1.0,0.0385,0.00021600000000000002,0.0006720000000000001,3.111111111111111,360.0,260.0,-500000.0,-136.0,166.0,100.11393600000001,214.59729728027799,52.37998069521491,155.46611621305038,45.402702719722015,2417.7299999999996,True,,,,,,,,,False,-254.0,54.0,50.000976,259.6767220988435,207.48879674061547,0.3573001676498393,0.32327790115647304,3540.1800000000003,True
psi0.70_ld1.20_lq1.60_vdc1.00_imax1.15,0.7,1.2,1.6,1.0,1.15,0.0385,0.00021600000000000002,0.0006720000000000001,3.111111111111111,360.0,299.0,-500000.0,-131.0,170.0,100.20071999999999,214.61826576505553,53.42519646759383,154.4209004406715,84.38173423494447,2418.2025000000003,True,,,,,,,,,False,-267.0,52.0,49.99862400000001,272.01654361453825,207.75420557995992,0.09189132830539393,26.98345638546175,3884.6324999999993,True
psi0.70_ld1.20_lq1.60_vdc1.15_imax1.00,0.7,1.2,1.6,1.15,1.0,0.0385,0.00021600000000000002,0.0006720000000000001,3.111111111111111,413.99999999999994,260.0,-500000.0,-136.0,166.0,100.11393600000001,214.59729728027799,52.37998069521491,186.64303074929018,45.402702719722015,2417.7299999999996,True,,,,,,,,,False,-252.0,64.0,58.910208,260.0,238.08681523569481,0.9361962088102587,0.0,3548.9999999999995,True
psi0.70_ld1.20_lq1.60_vdc1.15_imax1.15,0.7,1.2,1.6,1.15,1.15,0.0385,0.00021600000000000002,0.0006720000000000001,3.111111111111111,413.99999999999994,299.0,-500000.0,-131.0,170.0,100.20071999999999,214.61826576505553,53.42519646759383,185.59781497691125,84.38173423494447,2418.2025000000003,True,,,,,,,,,False,-279.0,60.0,59.66064,285.3786957710754,237.995014527169,1.0279969173360826,13.6213042289246,4275.6525,True
psi0.85_ld1.20_lq1.00_vdc1.00_imax1.00,0.85,1.2,1.0,1.0,1.0,0.04675,0.00021600000000000002,0.00042,1.9444444444444444,360.0,260.0,-1000000.0,,,,,,,,,False,,,,,,,,,False,-238.0,94.0,53.750327999999996,255.8906016249913,207.75503515720553,0.09106175105978309,4.109398375008709,3437.7,True
psi0.85_ld1.20_lq1.00_vdc1.15_imax1.00,0.85,1.2,1.0,1.15,1.0,0.04675,0.00021600000000000002,0.00042,1.9444444444444444,413.99999999999994,260.0,-1000000.0,,,,,,,,,False,-226.0,108.0,60.169391999999995,250.4795400826183,236.00666770306307,3.0163437414420002,9.520459917381686,3293.85,True,-236.0,108.0,61.491312,259.53805116013336,236.9086613329696,2.1143501115354866,0.46194883986663626,3536.399999999999,True
psi0.70_ld1.00_lq1.00_vdc1.00_imax1.00,0.7,1.0,1.0,1.0,1.0,0.0385,0.00018,0.00042,2.3333333333333335,360.0,260.0,-1000000.0,,,,,,,,,False,,,,,,,,,False,-240.0,94.0,54.2004,257.75181861628056,207.84525458845812,0.000842319807190961,2.248181383719441,3487.8900000000003,True
psi0.70_ld1.00_lq1.00_vdc1.15_imax1.00,0.7,1.0,1.0,1.15,1.0,0.0385,0.00018,0.00042,2.3333333333333335,413.99999999999994,260.0,-1000000.0,,,,,,,,,False,-226.0,108.0,60.09552000000001,250.4795400826183,236.0233994041974,2.9996120403076816,9.520459917381686,3293.85,True,-236.0,108.0,61.65072000000001,259.53805116013336,236.8207291224698,2.2022823220352734,0.46194883986663626,3536.399999999999,True
psi0.70_ld1.20_lq1.00_vdc1.00_imax1.00,0.7,1.2,1.0,1.0,1.0,0.0385,0.00021600000000000002,0.00042,1.9444444444444444,360.0,260.0,-1000000.0,,,,,,,,,False,,,,,,,,,False,-238.0,90.0,47.00808,254.44842306447882,207.71882674935853,0.12727015890678217,5.551576935521183,3399.0600000000004,True
psi0.70_ld1.20_lq1.00_vdc1.15_imax1.00,0.7,1.2,1.0,1.15,1.0,0.0385,0.00021600000000000002,0.00042,1.9444444444444444,413.99999999999994,260.0,-1000000.0,,,,,,,,,False,,,,,,,,,False,-234.0,106.0,54.846096,256.8890811225732,238.8317304842808,0.191280960224276,3.1109188774267977,3464.5799999999995,True
