speed_rpm,omega_e_rad_s,freq_hz,target_torque_nm,baseline_iron_loss_w,min_current_target_feasible,min_current_target_id_a,min_current_target_iq_a,min_current_target_torque_nm,min_current_target_current_a,min_current_target_voltage_v,min_current_target_copper_loss_w,min_current_target_iron_loss_w,min_current_target_total_loss_w,min_current_target_efficiency_pct,min_current_target_lambda_d_wb,min_current_target_lambda_q_wb,min_current_target_b_peak_t,max_feasible_torque_feasible,max_feasible_torque_id_a,max_feasible_torque_iq_a,max_feasible_torque_torque_nm,max_feasible_torque_current_a,max_feasible_torque_voltage_v,max_feasible_torque_copper_loss_w,max_feasible_torque_iron_loss_w,max_feasible_torque_total_loss_w,max_feasible_torque_efficiency_pct,max_feasible_torque_lambda_d_wb,max_feasible_torque_lambda_q_wb,max_feasible_torque_b_peak_t
0.0,0.0,0.0,100.0,0.0,True,-122.0,198.0,100.12464000000001,232.568269546815,8.139889434138526,2839.6200000000003,0.0,2839.6200000000003,0.0,0.03304,0.08316,8.056310508400307,True,-132.0,224.0,116.49792,260.0,9.1,3548.9999999999995,0.0,3548.9999999999995,0.0,0.03124,0.09408,8.92493876960143
250.0,104.71975511965977,16.666666666665567,100.0,145.78707895788523,True,-122.0,198.0,100.12464000000001,232.568269546815,16.625047252303958,2839.6200000000003,385.9009137322732,3225.5209137322736,44.83250447756631,0.03304,0.08316,8.056310508400307,True,-132.0,224.0,116.49792,260.0,18.245656953749194,3548.9999999999995,473.60241068623964,4022.602410686239,43.12341810944697,0.03124,0.09408,8.92493876960143
500.0,209.43951023931953,33.33333333333113,100.0,467.4780036358847,True,-122.0,198.0,100.12464000000001,232.568269546815,25.732173175093376,2839.6200000000003,1237.4223425173404,4077.042342517341,56.25282749192434,0.03304,0.08316,8.056310508400307,True,-132.0,224.0,116.49792,260.0,28.258235473824126,3548.9999999999995,1518.6442519278617,5067.644251927861,54.62133947875791,0.03124,0.09408,8.92493876960143
750.0,314.1592653589793,49.99999999999671,100.0,960.7314436699401,True,-122.0,198.0,100.12464000000001,232.568269546815,34.978785292159124,2839.6200000000003,2543.072709966682,5382.692709966683,59.365058522898714,0.03304,0.08316,8.056310508400307,True,-132.0,224.0,116.49792,260.0,38.46662999614844,3548.9999999999995,3121.022322393853,6670.022322393852,57.83736563579437,0.03124,0.09408,8.92493876960143
1000.0,418.87902047863906,66.66666666666227,100.0,1623.9981919032687,True,-122.0,198.0,100.12464000000001,232.568269546815,44.27758178522463,2839.6200000000003,4298.7512380028675,7138.371238002868,59.49492359673738,0.03304,0.08316,8.056310508400307,True,-132.0,224.0,116.49792,260.0,48.74797689313251,3548.9999999999995,5275.70388359086,8824.703883590859,58.02624521383479,0.03124,0.09408,8.92493876960143
1250.0,523.5987755982989,83.33333333332784,100.0,2456.382892148923,True,-122.0,198.0,100.12464000000001,232.568269546815,53.601410625186546,2839.6200000000003,6502.087903348603,9341.707903348602,58.385107938854105,0.03304,0.08316,8.056310508400307,True,-132.0,224.0,116.49792,260.0,59.0641918240864,3548.9999999999995,7979.780290585518,11528.780290585517,56.947339208812366,0.03124,0.09408,8.92493876960143
1500.0,628.3185307179587,99.99999999999342,100.0,3457.2814282429654,True,-122.0,198.0,100.12464000000001,232.568269546815,62.9391478914577,2839.6200000000003,9151.4836000932,11991.1036000932,56.73993630715168,0.03304,0.08316,8.056310508400307,True,-132.0,224.0,116.49792,260.0,69.3997272129932,3548.9999999999995,11231.289017798601,14780.289017798601,55.31920975949338,0.03124,0.09408,8.92493876960143
1750.0,733.0382858376183,116.66666666665897,100.0,4626.250303141938,True,-122.0,198.0,100.12464000000001,232.568269546815,72.28540376608558,2839.6200000000003,12245.764383909547,15085.384383909548,54.88035588418705,0.03304,0.08316,8.056310508400307,True,-132.0,224.0,116.49792,260.0,79.74707139067591,3548.9999999999995,15028.789325279664,18577.789325279664,53.470783280756365,0.03124,0.09408,8.92493876960143
2000.0,837.7580409572781,133.33333333332453,100.0,5962.945893110878,True,-122.0,198.0,100.12464000000001,232.568269546815,81.63725253816162,2839.6200000000003,15784.020676841563,18623.64067684156,52.96311674634373,0.03304,0.08316,8.056310508400307,True,-132.0,224.0,116.49792,260.0,90.10215608012692,3548.9999999999995,19371.164920484734,22920.164920484734,51.5628910983662,0.03124,0.09408,8.92493876960143
2250.0,942.477796076938,149.99999999999014,100.0,7467.091739430101,True,-122.0,198.0,100.12464000000001,232.568269546815,90.99296978538203,2839.6200000000003,19765.520687887612,22605.14068788761,51.0673674642685,0.03304,0.08316,8.056310508400307,True,-132.0,224.0,116.49792,260.0,100.46258777242326,3548.9999999999995,24257.517702450175,27806.517702450175,49.67664691363429,0.03124,0.09408,8.92493876960143
2500.0,1047.1975511965977,166.6666666666557,100.0,9138.45913678154,True,-122.0,198.0,100.12464000000001,232.568269546815,100.35147354562181,2839.6200000000003,24189.65903012419,27029.279030124188,49.23301914026071,0.03304,0.08316,8.056310508400307,True,-132.0,224.0,116.49792,260.0,110.82686691557439,3548.9999999999995,29687.104701423465,33236.104701423465,47.85281834455986,0.03124,0.09408,8.92493876960143
2750.0,1151.9173063162573,183.33333333332124,100.0,10976.854777782799,True,-122.0,198.0,100.12464000000001,232.568269546815,109.71205074750053,2839.6200000000003,29055.924015574343,31895.54401557434,47.47921179373955,0.03304,0.08316,8.056310508400307,True,-132.0,224.0,116.49792,260.0,121.19400643373136,3548.9999999999995,35659.297941023186,39208.297941023186,46.11083277468834,0.03124,0.09408,8.92493876960143
3000.0,1256.6370614359173,199.99999999998684,100.0,12982.112460710367,True,-122.0,198.0,100.12464000000001,232.568269546815,119.07421240426896,2839.6200000000003,34363.87570540793,37203.495705407935,45.81376978810599,0.03304,0.08316,8.056310508400307,True,-132.0,224.0,116.49792,260.0,131.56333013930026,3548.9999999999995,42173.55750003352,45722.55750003352,44.458518649134525,0.03124,0.09408,8.92493876960143
3250.0,1361.356816555577,216.66666666665242,100.0,15154.087287580296,True,-122.0,198.0,100.12464000000001,232.568269546815,128.4376120309082,2839.6200000000003,40113.13055216105,42952.75055216105,44.23827403221467,0.03304,0.08316,8.056310508400307,True,-132.0,224.0,116.49792,260.0,141.9343593213849,3548.9999999999995,49229.412664348754,52778.412664348754,42.89732884004126,0.03124,0.09408,8.92493876960143
3500.0,1466.0765716752367,233.33333333331794,100.0,17492.6514658299,True,-122.0,198.0,100.12464000000001,232.568269546815,137.80199727412352,2839.6200000000003,46303.35028671505,49142.970286715055,42.75087909612282,0.03304,0.08316,8.056310508400307,True,-132.0,224.0,116.49792,260.0,152.30674558714654,3548.9999999999995,56826.44828835933,60375.44828835933,41.42523720024149,0.03124,0.09408,8.92493876960143
3750.0,1570.7963267948967,249.99999999998354,100.0,19997.691184863754,True,-122.0,198.0,100.12464000000001,232.568269546815,147.16717998692278,2839.6200000000003,52934.23365045992,55773.853650459925,41.34791728941452,0.03304,0.08316,8.056310508400307,True,-132.0,224.0,116.49792,260.0,162.6802293564583,3548.9999999999995,64964.29464813128,68513.29464813128,40.03838362133889,0.03124,0.09408,8.92493876960143
4000.0,1675.5160819145563,266.66666666664906,100.0,22669.10423744746,True,-122.0,198.0,100.12464000000001,232.568269546815,156.53301703442443,2839.6200000000003,60005.51009908251,62845.13009908251,40.024826623909945,0.03304,0.08316,8.056310508400307,True,-132.0,224.0,116.49792,260.0,173.05461326511428,3548.9999999999995,73642.6197142904,77191.6197142904,38.732022257016126,0.03124,0.09408,8.92493876960143
4250.0,1780.235837034216,283.33333333331467,100.0,25506.798171963255,True,-122.0,198.0,100.12464000000001,232.568269546815,165.8993975954277,2839.6200000000003,67516.9349115552,70356.5549115552,38.77669115193652,0.03304,0.08316,8.056310508400307,True,-132.0,224.0,116.49792,260.0,183.42974458345884,3548.9999999999995,82861.12314945858,86410.12314945858,37.50107097401656,0.03124,0.09408,8.92493876960143
4500.0,1884.955592153876,299.9999999999803,100.0,28510.68883222143,True,-122.0,198.0,100.12464000000001,232.568269546815,175.2662345324465,2839.6200000000003,75468.28532499164,78307.90532499163,37.59855416209458,0.03304,0.08316,8.056310508400307,True,-132.0,224.0,116.49792,260.0,193.80550327664577,3548.9999999999995,92619.53156470039,96168.53156470039,36.3404277304136,0.03124,0.09408,8.92493876960143
4750.0,1989.6753472735356,316.6666666666458,100.0,31680.69918615822,True,-122.0,198.0,100.12464000000001,232.568269546815,184.63345838679825,2839.6200000000003,83859.35743418976,86698.97743418976,36.485596114710006,0.03304,0.08316,8.056310508400307,True,-132.0,224.0,116.49792,260.0,204.181793702135,3548.9999999999995,102917.59471444294,106466.59471444294,35.24514862650182,0.03124,0.09408,8.92493876960143
5000.0,2094.3951023931954,333.3333333333114,100.0,35016.7583738266,True,-122.0,198.0,100.12464000000001,232.568269546815,194.0010131122694,2839.6200000000003,92689.96367164698,95529.58367164698,35.43323119129088,0.03304,0.08316,8.056310508400307,True,-144.0,216.0,116.06976,259.59969183340723,206.71099068391294,3538.0800000000004,105059.12828405979,108597.20828405979,35.88212571540808,0.029079999999999998,0.09072000000000001,8.577026207236838
5250.0,2199.114857512855,349.9999999999769,100.0,38518.80092454657,True,-122.0,198.0,100.12464000000001,232.568269546815,203.36885298721282,2839.6200000000003,101959.93073534365,104799.55073534364,34.43715466695067,0.03304,0.08316,8.056310508400307,True,-158.0,206.0,114.84912,259.61509971494337,206.50039951382985,3538.4999999999995,104301.83308439478,107840.33308439478,36.928814543700724,0.026559999999999997,0.08652,8.14830733570954
5500.0,2303.8346126325146,366.66666666664247,100.0,42186.76610641919,True,-134.0,192.0,100.40832000000002,234.13671220037236,205.77133470447046,2878.0499999999997,103987.0174570732,106865.06745707321,35.113787072176,0.030879999999999998,0.08064,7.774263451011624,True,-168.0,198.0,113.24016,259.6690201005888,207.57097319298592,3539.9699999999993,104994.74703374656,108534.71703374656,37.53626479221406,0.024759999999999997,0.08316,7.8118424983853165
5750.0,2408.554367752175,383.33333333330813,100.0,46020.59738074369,True,-146.0,186.0,100.48464000000001,236.4571842850202,207.55690708192185,2935.3799999999997,105392.07889407978,108327.45889407978,35.837561373313605,0.02872,0.07812000000000001,7.493516535589264,True,-178.0,188.0,110.22816,258.897663179875,205.92682707473026,3518.9700000000003,102870.76477980812,106389.73477980812,38.41845386999119,0.02296,0.07896,7.4033395525414205
6000.0,2513.2741228718346,399.9999999999737,100.0,50020.241940536274,True,-162.0,178.0,100.26384000000002,240.68236329236922,206.23285094764125,3041.2200000000003,103459.4410012046,106500.6610012046,37.167117596831346,0.02584,0.07476000000000001,7.121475426868998,True,-184.0,182.0,108.28272,258.80494585691366,207.8197822064979,3516.4500000000003,104534.99691293148,108051.44691293148,38.637634567866385,0.021879999999999997,0.07644000000000001,7.158396855830309
6250.0,2617.993877991494,416.66666666663923,100.0,54185.65031717961,True,-176.0,172.0,100.35168000000002,246.0894146443524,206.4809791386177,3179.3999999999996,103220.35002106725,106399.75002106724,38.16835679910448,0.02332,0.07224,6.834367514074002,True,-192.0,174.0,105.52752000000001,259.1138745802702,206.8173127923845,3524.85,103149.41607883392,106674.26607883393,39.300595664136694,0.02044,0.07308,6.8320187914299675
6500.0,2722.713633111154,433.33333333330484,100.0,58516.776042789694,True,-190.0,166.0,100.1976,252.30140705116966,206.16135403983577,3341.9399999999996,102399.87791444178,105741.81791444178,39.209331643711025,0.0208,0.06972,6.550392659500182,True,-198.0,168.0,103.34016,259.6690201005888,207.48921357242037,3539.9699999999993,103560.63409397643,107100.60409397644,39.64191555831494,0.019359999999999995,0.07056,6.587414104369903
6750.0,2827.4333882308138,449.9999999999703,100.0,63013.575358544374,True,-202.0,162.0,100.58256,258.93628559937287,207.81525482375716,3520.0200000000004,103673.29212643851,107193.31212643851,39.87730638752906,0.018639999999999997,0.06804,6.351469167007385,True,-202.0,162.0,100.58256,258.93628559937287,207.81525482375716,3520.0200000000004,103673.29212643851,107193.31212643851,39.87730638752906,0.018639999999999997,0.06804,6.351469167007385
7000.0,2932.1531433504733,466.6666666666359,100.0,67676.0069612288,False,,,,,,,,,,,,,True,-208.0,156.0,98.20512,260.0,207.3677411991859,3548.9999999999995,102939.6586625366,106488.6586625366,40.334723799165495,0.01756,0.06552000000000001,6.107054687054772
7250.0,3036.8728984701334,483.3333333333015,100.0,72504.03178178919,False,,,,,,,,,,,,,True,-212.0,150.0,95.292,259.6998267230843,206.5882745442425,3540.810000000001,101927.14099080303,105467.95099080303,40.686821061648196,0.01684,0.063,5.871129407753193
7500.0,3141.5926535897934,499.9999999999671,100.0,77497.61279087845,False,,,,,,,,,,,,,True,-216.0,144.0,92.30976,259.59969183340723,205.2605265412349,3538.0800000000004,100367.34534449922,103905.42534449922,41.09848116184127,0.016119999999999995,0.060480000000000006,5.635206907104959
7750.0,3246.312408709453,516.6666666666326,100.0,82656.71482730428,False,,,,,,,,,,,,,True,-218.0,140.0,90.1488,259.0829982843336,206.27751526966188,3524.0099999999998,101259.73836866286,104783.74836866285,41.11504042661816,0.015759999999999996,0.058800000000000005,5.480714008919334
8000.0,3351.0321638291125,533.3333333332981,100.0,87981.30444602449,False,,,,,,,,,,,,,True,-220.0,136.0,87.9648,258.6426105652354,206.93546682922994,3512.04,101792.31586220113,105304.35586220112,41.16995371308955,0.015399999999999997,0.057120000000000004,5.326232367321555
8250.0,3455.7519189487725,549.9999999999637,100.0,93471.34978291503,False,,,,,,,,,,,,,True,-224.0,132.0,86.13792000000001,260.0,206.96558655837333,3548.9999999999995,101631.81576383031,105180.81576383031,41.43562673806664,0.014679999999999999,0.05544,5.163371765296275
8500.0,3560.471674068432,566.6666666666293,100.0,99126.82043400354,False,,,,,,,,,,,,,True,-226.0,128.0,83.89632,259.7306296916095,206.89445636063962,3541.6500000000005,101427.21805200924,104968.86805200923,41.56920599070874,0.01432,0.05376,5.008866758936377
8750.0,3665.1914291880917,583.3333333332948,100.0,104947.68734723813,False,,,,,,,,,,,,,True,-228.0,124.0,81.63168,259.53805116013336,206.4642446139714,3536.399999999999,100861.07644211224,104397.47644211224,41.74131251155766,0.01396,0.05208,4.854373332609964
9000.0,3769.911184307752,599.9999999999606,100.0,110933.92272516593,False,,,,,,,,,,,,,True,-230.0,120.0,79.344,259.42243542145695,205.67500339760585,3533.249999999999,99936.61206505922,103469.86206505922,41.95233303402202,0.013600000000000001,0.0504,4.699892628283085
9250.0,3874.6309394274117,616.666666666626,100.0,117085.4999371465,False,,,,,,,,,,,,,True,-232.0,116.0,77.03327999999999,259.3838853899756,204.5267940226391,3532.2,98658.9903695175,102191.1903695175,42.202845854154766,0.013239999999999995,0.04872,4.545425943064362
9500.0,3979.3506945470713,633.3333333332916,100.0,123402.39343993294,False,,,,,,,,,,,,,True,-232.0,114.0,75.70512000000001,258.49564793241683,206.5782680078211,3508.0499999999997,100671.55018575839,104179.60018575839,41.95925493453244,0.013239999999999995,0.04788,4.472490191587314
9750.0,4084.0704496667313,649.9999999999573,100.0,129884.57870562069,False,,,,,,,,,,,,,True,-234.0,110.0,73.3656,258.5652722234755,204.8079958495549,3509.9399999999987,98769.57501687504,102279.51501687504,42.27597617849422,0.012879999999999996,0.046200000000000005,4.318079241340124
10000.0,4188.790204786391,666.6666666666227,100.0,136532.03215610844,False,,,,,,,,,,,,,True,-236.0,108.0,72.34272000000001,259.53805116013336,206.08135292454148,3536.399999999999,99940.54484714971,103476.9448471497,42.26714359269971,0.012519999999999996,0.045360000000000004,4.236540763552511
10250.0,4293.50995990605,683.3333333332882,100.0,143344.73110333388,False,,,,,,,,,,,,,True,-236.0,106.0,71.00304,258.7121953059036,207.52198395112217,3513.9300000000007,101349.73840164408,104863.66840164408,42.08882250349847,0.012519999999999996,0.044520000000000004,4.163688770381163
10500.0,4398.22971502571,699.9999999999538,100.0,150322.6536946452,False,,,,,,,,,,,,,True,-238.0,102.0,68.61744000000002,258.93628559937287,204.8550965045013,3520.0200000000004,98548.60978798225,102068.62978798225,42.50219780049528,0.012159999999999997,0.04284,4.009321144553259
10750.0,4502.94947014537,716.6666666666193,100.0,157465.77886275484,False,,,,,,,,,,,,,True,-240.0,100.0,67.56,260.0,205.48280530351119,3548.9999999999995,99072.78312818169,102621.78312818169,42.56562789275024,0.011799999999999998,0.042,3.9277324710872814
11000.0,4607.669225265029,733.3333333332849,100.0,164774.08627979297,False,,,,,,,,,,,,,True,-240.0,98.0,66.2088,259.2373429890069,206.3137406230294,3528.209999999999,99865.92959951406,103394.13959951405,42.450491056371234,0.011799999999999998,0.04116,3.8549791082680915
11250.0,4712.38898038469,749.9999999999505,100.0,172247.5563150383,False,,,,,,,,,,,,,True,-240.0,96.0,64.85759999999999,258.48791074245617,206.98060240433492,3507.8399999999992,100498.18692125581,104006.0269212558,42.35165306573447,0.011799999999999998,0.04032,3.782338462153008
11500.0,4817.10873550435,766.6666666666163,100.0,179886.16999595682,False,,,,,,,,,,,,,True,-242.0,94.0,63.77712,259.61509971494337,207.05530490500774,3538.4999999999995,100471.27246269386,104009.77246269386,42.477276081413876,0.011439999999999999,0.03948,3.700665863282308
11750.0,4921.82849062401,783.3333333332818,100.0,187689.90897222218,False,,,,,,,,,,,,,True,-242.0,92.0,62.420159999999996,258.897663179875,207.37626726320968,3518.9700000000003,100758.34630938174,104277.31630938174,42.41451725807101,0.011439999999999999,0.03864,3.628088430766054
12000.0,5026.548245743669,799.9999999999474,100.0,195658.75548243144,False,,,,,,,,,,,,,True,-242.0,90.0,61.063199999999995,258.1937257177254,207.53460525083045,3499.86,100883.18078843736,104383.04078843736,42.36716830114181,0.011439999999999999,0.0378,3.55563809288888
12250.0,5131.268000863329,816.6666666666129,100.0,203792.69232326082,False,,,,,,,,,,,,,True,-244.0,88.0,59.959680000000006,259.3838853899756,207.05572783656612,3532.2,100300.2283214576,103832.4283214576,42.55458577677518,0.01108,0.03696,3.473877243382808
12500.0,5235.987755982988,833.3333333332785,100.0,212091.70282083776,False,,,,,,,,,,,,,True,-244.0,86.0,58.596959999999996,258.7121953059036,206.86959174063523,3513.9300000000007,100080.69689715125,103594.62689715126,42.54251148518855,0.01108,0.03612,3.4015051375727614
12750.0,5340.707511102649,849.9999999999441,100.0,220555.77080412675,False,,,,,,,,,,,,,True,-246.0,84.0,57.47616000000001,259.9461482692136,206.0194347494949,3547.5299999999993,99129.56039895013,102677.09039895012,42.77211299147836,0.01072,0.03528,3.3197103132932138
13000.0,5445.427266222308,866.6666666666097,100.0,229184.8805801522,False,,,,,,,,,,,,,True,-246.0,82.0,56.107679999999995,259.3067681338071,205.48959137890517,3530.1000000000004,98570.86398378732,102100.96398378733,42.795304305728166,0.01072,0.03444,3.2474248529755463
13250.0,5550.147021341968,883.3333333332752,100.0,237979.01691089704,False,,,,,,,,,,,,,True,-246.0,80.0,54.739200000000004,258.68127106537884,204.79995987621479,3513.0899999999992,97856.84588056183,101369.93588056182,42.8330382968214,0.01072,0.033600000000000005,3.1752950325299936
13500.0,5654.8667764616275,899.9999999999407,100.0,246938.1649917353,False,,,,,,,,,,,,,True,-248.0,78.0,53.59536,259.97692205270835,203.39526916408101,3548.3699999999994,96370.96173690289,99919.33173690288,43.126827563893116,0.010359999999999994,0.032760000000000004,3.093405109579176
13750.0,5759.586531581287,916.6666666666063,100.0,256062.31043126882,False,,,,,,,,,,,,,True,-248.0,78.0,53.59536,259.97692205270835,206.99334485109426,3548.3699999999994,99931.78300997202,103480.15300997201,42.71849063516363,0.010359999999999994,0.032760000000000004,3.093405109579176
14000.0,5864.306286700947,933.3333333332718,100.0,265351.43923245376,False,,,,,,,,,,,,,True,-248.0,76.0,52.221120000000006,259.3838853899756,205.87834537226317,3532.2,98791.08644185693,102323.28644185692,42.79890725152909,0.010359999999999994,0.031920000000000004,3.021384294086723
14250.0,5969.026041820606,949.9999999999374,100.0,274805.5377749125,False,,,,,,,,,,,,,True,-248.0,74.0,50.84688,258.80494585691366,204.60623872940099,3516.4500000000003,97503.36676749171,101019.8167674917,42.89323343667533,0.010359999999999994,0.03108,2.949543979920587
14500.0,6073.745796940267,966.666666666603,100.0,284424.5927983362,False,,,,,,,,,,,,,True,-248.0,72.0,49.47264,258.2401982651036,203.17841550097106,3501.12,96073.19282200071,99574.3128220007,43.001173231759395,0.010359999999999994,0.030240000000000003,2.8778976845548416
14750.0,6178.465552059927,983.3333333332687,100.0,294208.5913868944,False,,,,,,,,,,,,,True,-248.0,72.0,49.47264,258.2401982651036,206.52581767302988,3501.12,99378.04059806911,102879.16059806911,42.62030468786509,0.010359999999999994,0.030240000000000003,2.8778976845548416
15000.0,6283.185307179587,999.9999999999342,100.0,304157.5209545728,False,,,,,,,,,,,,,True,-250.0,70.0,48.300000000000004,259.61509971494337,204.19242572028435,3538.4999999999995,96964.4122009097,100502.9122009097,43.01663606709094,0.009999999999999995,0.029400000000000003,2.7958554563111733
15250.0,6387.905062299246,1016.6666666665998,100.0,314271.3692313706,False,,,,,,,,,,,,,True,-250.0,70.0,48.300000000000004,259.61509971494337,207.4443987860034,3538.4999999999995,100188.67359734367,103727.17359734367,42.64816592206274,0.009999999999999995,0.029400000000000003,2.7958554563111733
15500.0,6492.624817418906,1033.3333333332653,100.0,324550.1242502936,False,,,,,,,,,,,,,True,-250.0,68.0,46.92,259.0829982843336,205.513397986067,3524.0099999999998,98241.97707527723,101765.98707527723,42.803829322355575,0.009999999999999995,0.028560000000000002,2.7243660984827764
15750.0,6597.344572538565,1049.9999999999309,100.0,334993.7743350838,False,,,,,,,,,,,,,True,-250.0,66.0,45.54,258.5652722234755,203.43074843412077,3509.9399999999987,96167.95293968523,99677.89293968523,42.97233445948049,0.009999999999999995,0.02772,2.6531061608778597
16000.0,6702.064327658225,1066.6666666665963,100.0,345602.308088634,False,,,,,,,,,,,,,True,-250.0,66.0,45.54,258.5652722234755,206.51666974439485,3509.9399999999987,99213.38558032292,102723.32558032293,42.62110676335609,0.009999999999999995,0.02772,2.6531061608778597
16250.0,6806.7840827778855,1083.333333333262,100.0,356375.7143820401,False,,,,,,,,,,,,,True,-252.0,64.0,44.344319999999996,260.0,203.43704909003137,3548.9999999999995,96069.9390257309,99618.9390257309,43.10073787690423,0.009639999999999996,0.02688,2.5709730095464547
16500.0,6911.503837897545,1099.9999999999275,100.0,367313.9823442413,False,,,,,,,,,,,,,True,-252.0,64.0,44.344319999999996,260.0,206.42743412263474,3548.9999999999995,99018.62125565766,102567.62125565766,42.76012437147203,0.009639999999999996,0.02688,2.5709730095464547
16750.0,7016.223593017205,1116.666666666593,100.0,378417.10135221755,False,,,,,,,,,,,,,True,-252.0,62.0,42.958560000000006,259.5149321330085,203.8474587360142,3535.7699999999995,96450.85071540328,99986.62071540329,42.975037378644856,0.009639999999999996,0.02604,2.499916276765907
17000.0,7120.943348136864,1133.3333333332587,100.0,389685.0610216954,False,,,,,,,,,,,,,True,-252.0,62.0,42.958560000000006,259.5149321330085,206.75518504991956,3535.7699999999995,99322.82529600352,102858.59529600352,42.64442728041221,0.009639999999999996,0.02604,2.499916276765907
17250.0,7225.663103256524,1149.9999999999243,100.0,401117.8511983388,False,,,,,,,,,,,,,True,-252.0,60.0,41.5728,259.04439773907484,203.94658204174678,3522.9600000000005,96529.45510403776,100052.41510403776,42.87621234948442,0.009639999999999996,0.0252,2.429135509231701
17500.0,7330.382858376183,1166.6666666665897,100.0,412715.46194938465,False,,,,,,,,,,,,,True,-252.0,60.0,41.5728,259.04439773907484,206.77196908266072,3522.9600000000005,99320.432974912,102843.392974912,42.55506671598969,0.009639999999999996,0.0252,2.429135509231701
17750.0,7435.102613495843,1183.3333333332553,100.0,424477.88355570176,False,,,,,,,,,,,,,True,-252.0,58.0,40.187039999999996,258.58847615468096,203.73806362075422,3510.57,96309.35901398794,99819.92901398794,42.802705693506525,0.009639999999999996,0.02436,2.3586555513533725
18000.0,7539.822368615504,1199.999999999921,100.0,436405.1065042394,False,,,,,,,,,,,,,True,-252.0,58.0,40.187039999999996,258.58847615468096,206.4814596280959,3510.57,99015.51460298657,102526.08460298658,42.49052926346032,0.009639999999999996,0.02436,2.3586555513533725
