speed_rpm,omega_e_rad_s,target_torque_nm,vmax_v,imax_a,id_zero_id_a,id_zero_iq_a,id_zero_torque_nm,id_zero_current_a,id_zero_voltage_v,id_zero_voltage_margin_v,id_zero_current_margin_a,id_zero_copper_loss_w,id_zero_feasible,min_current_target_id_a,min_current_target_iq_a,min_current_target_torque_nm,min_current_target_current_a,min_current_target_voltage_v,min_current_target_voltage_margin_v,min_current_target_current_margin_a,min_current_target_copper_loss_w,min_current_target_feasible,max_feasible_torque_id_a,max_feasible_torque_iq_a,max_feasible_torque_torque_nm,max_feasible_torque_current_a,max_feasible_torque_voltage_v,max_feasible_torque_voltage_margin_v,max_feasible_torque_current_margin_a,max_feasible_torque_copper_loss_w,max_feasible_torque_feasible
0.0,0.0,100.0,207.8460969082653,260.0,,,,,,,,,False,,,,,,,,,False,-166.0,200.0,98.00807999999999,259.9153708421262,9.097037979474418,198.7490589287909,0.08462915787379188,3546.6899999999987,True
250.0,104.71975511965977,100.0,207.8460969082653,260.0,,,,,,,,,False,,,,,,,,,False,-166.0,200.0,98.00807999999999,259.9153708421262,16.302908928366776,191.54318797989853,0.08462915787379188,3546.6899999999987,True
500.0,209.43951023931953,100.0,207.8460969082653,260.0,,,,,,,,,False,,,,,,,,,False,-166.0,200.0,98.00807999999999,259.9153708421262,23.98733293987399,183.85876396839132,0.08462915787379188,3546.6899999999987,True
750.0,314.1592653589793,100.0,207.8460969082653,260.0,,,,,,,,,False,,,,,,,,,False,-166.0,200.0,98.00807999999999,259.9153708421262,31.805314117694678,176.04078279057063,0.08462915787379188,3546.6899999999987,True
1000.0,418.87902047863906,100.0,207.8460969082653,260.0,,,,,,,,,False,,,,,,,,,False,-166.0,200.0,98.00807999999999,259.9153708421262,39.67798423807861,168.1681126701867,0.08462915787379188,3546.6899999999987,True
1250.0,523.5987755982989,100.0,207.8460969082653,260.0,,,,,,,,,False,,,,,,,,,False,-166.0,200.0,98.00807999999999,259.9153708421262,47.57820323198767,160.26789367627765,0.08462915787379188,3546.6899999999987,True
1500.0,628.3185307179587,100.0,207.8460969082653,260.0,,,,,,,,,False,,,,,,,,,False,-166.0,200.0,98.00807999999999,259.9153708421262,55.49420667859441,152.35189022967091,0.08462915787379188,3546.6899999999987,True
1750.0,733.0382858376183,100.0,207.8460969082653,260.0,,,,,,,,,False,,,,,,,,,False,-166.0,200.0,98.00807999999999,259.9153708421262,63.42008427543992,144.4260126328254,0.08462915787379188,3546.6899999999987,True
2000.0,837.7580409572781,100.0,207.8460969082653,260.0,,,,,,,,,False,,,,,,,,,False,-166.0,200.0,98.00807999999999,259.9153708421262,71.35254562127672,136.49355128698858,0.08462915787379188,3546.6899999999987,True
2250.0,942.477796076938,100.0,207.8460969082653,260.0,,,,,,,,,False,,,,,,,,,False,-166.0,200.0,98.00807999999999,259.9153708421262,79.28961474420197,128.55648216406334,0.08462915787379188,3546.6899999999987,True
2500.0,1047.1975511965977,100.0,207.8460969082653,260.0,,,,,,,,,False,,,,,,,,,False,-166.0,200.0,98.00807999999999,259.9153708421262,87.23003386704998,120.61606304121533,0.08462915787379188,3546.6899999999987,True
2750.0,1151.9173063162573,100.0,207.8460969082653,260.0,,,,,,,,,False,,,,,,,,,False,-166.0,200.0,98.00807999999999,259.9153708421262,95.17296450738792,112.67313240087739,0.08462915787379188,3546.6899999999987,True
3000.0,1256.6370614359173,100.0,207.8460969082653,260.0,,,,,,,,,False,,,,,,,,,False,-166.0,200.0,98.00807999999999,259.9153708421262,103.1178262974811,104.72827061078421,0.08462915787379188,3546.6899999999987,True
3250.0,1361.356816555577,100.0,207.8460969082653,260.0,,,,,,,,,False,,,,,,,,,False,-166.0,200.0,98.00807999999999,259.9153708421262,111.06420480976563,96.78189209849968,0.08462915787379188,3546.6899999999987,True
3500.0,1466.0765716752367,100.0,207.8460969082653,260.0,,,,,,,,,False,,,,,,,,,False,-166.0,200.0,98.00807999999999,259.9153708421262,119.01179623150288,88.83430067676242,0.08462915787379188,3546.6899999999987,True
3750.0,1570.7963267948967,100.0,207.8460969082653,260.0,,,,,,,,,False,,,,,,,,,False,-166.0,200.0,98.00807999999999,259.9153708421262,126.96037278216811,80.8857241260972,0.08462915787379188,3546.6899999999987,True
4000.0,1675.5160819145563,100.0,207.8460969082653,260.0,,,,,,,,,False,,,,,,,,,False,-166.0,200.0,98.00807999999999,259.9153708421262,134.90976033719923,72.93633657106608,0.08462915787379188,3546.6899999999987,True
4250.0,1780.235837034216,100.0,207.8460969082653,260.0,,,,,,,,,False,,,,,,,,,False,-166.0,200.0,98.00807999999999,259.9153708421262,142.8598235124526,64.9862733958127,0.08462915787379188,3546.6899999999987,True
4500.0,1884.955592153876,100.0,207.8460969082653,260.0,,,,,,,,,False,,,,,,,,,False,-166.0,200.0,98.00807999999999,259.9153708421262,150.81045546079622,57.03564144746909,0.08462915787379188,3546.6899999999987,True
4750.0,1989.6753472735356,100.0,207.8460969082653,260.0,,,,,,,,,False,,,,,,,,,False,-166.0,200.0,98.00807999999999,259.9153708421262,158.7615707313694,49.084526176895906,0.08462915787379188,3546.6899999999987,True
5000.0,2094.3951023931954,100.0,207.8460969082653,260.0,,,,,,,,,False,,,,,,,,,False,-166.0,200.0,98.00807999999999,259.9153708421262,166.71310017033915,41.13299673792616,0.08462915787379188,3546.6899999999987,True
5250.0,2199.114857512855,100.0,207.8460969082653,260.0,,,,,,,,,False,,,,,,,,,False,-166.0,200.0,98.00807999999999,259.9153708421262,174.6649872133353,33.18110969493,0.08462915787379188,3546.6899999999987,True
5500.0,2303.8346126325146,100.0,207.8460969082653,260.0,,,,,,,,,False,,,,,,,,,False,-166.0,200.0,98.00807999999999,259.9153708421262,182.6171851458092,25.228911762456107,0.08462915787379188,3546.6899999999987,True
5750.0,2408.554367752175,100.0,207.8460969082653,260.0,,,,,,,,,False,,,,,,,,,False,-166.0,200.0,98.00807999999999,259.9153708421262,190.56965504885105,17.276441859414263,0.08462915787379188,3546.6899999999987,True
6000.0,2513.2741228718346,100.0,207.8460969082653,260.0,,,,,,,,,False,,,,,,,,,False,-166.0,200.0,98.00807999999999,259.9153708421262,198.5223642384215,9.323732669843821,0.08462915787379188,3546.6899999999987,True
6250.0,2617.993877991494,100.0,207.8460969082653,260.0,,,,,,,,,False,,,,,,,,,False,-166.0,200.0,98.00807999999999,259.9153708421262,206.47528506507027,1.3708118431950425,0.08462915787379188,3546.6899999999987,True
6500.0,2722.713633111154,100.0,207.8460969082653,260.0,,,,,,,,,False,,,,,,,,,False,-174.0,192.0,96.6601728,259.1138745802702,207.19569788444127,0.6503990238240362,0.8861254197298081,3524.85,True
6750.0,2827.4333882308138,100.0,207.8460969082653,260.0,,,,,,,,,False,,,,,,,,,False,-182.0,184.0,95.14837440000001,258.80494585691366,207.30068768696293,0.5454092213023785,1.1950541430863382,3516.4500000000003,True
7000.0,2932.1531433504733,100.0,207.8460969082653,260.0,,,,,,,,,False,,,,,,,,,False,-190.0,176.0,93.46992,258.9903473104741,206.78510812515682,1.0609887831084848,1.0096526895259217,3521.4899999999993,True
7250.0,3036.8728984701334,100.0,207.8460969082653,260.0,,,,,,,,,False,,,,,,,,,False,-196.0,170.0,92.10004799999999,259.4532713226025,207.70758295367216,0.13851395459315086,0.546728677397482,3534.09,True
7500.0,3141.5926535897934,100.0,207.8460969082653,260.0,,,,,,,,,False,,,,,,,,,False,-200.0,162.0,89.13072,257.37909783041823,206.11833329230763,1.7277636159576844,2.6209021695817682,3477.81,True
7750.0,3246.312408709453,100.0,207.8460969082653,260.0,,,,,,,,,False,,,,,,,,,False,-200.0,156.0,86.11968000000002,253.64542179980305,206.23338958987662,1.6127073183886864,6.354578200196954,3377.6400000000003,True
8000.0,3351.0321638291125,100.0,207.8460969082653,260.0,,,,,,,,,False,,,,,,,,,False,-200.0,150.0,83.1,250.0,205.95580737827234,1.8902895299929696,10.0,3281.25,True
8250.0,3455.7519189487725,100.0,207.8460969082653,260.0,,,,,,,,,False,,,,,,,,,False,-200.0,146.0,81.08207999999999,247.62067765031256,207.56847422612503,0.27762268214027586,12.379322349687442,3219.0900000000006,True
8500.0,3560.471674068432,100.0,207.8460969082653,260.0,,,,,,,,,False,,,,,,,,,False,-200.0,140.0,78.048,244.13111231467406,206.57918831914708,1.2669085891182306,15.868887685325944,3128.999999999999,True
8750.0,3665.1914291880917,100.0,207.8460969082653,260.0,,,,,,,,,False,,,,,,,,,False,-200.0,136.0,76.02048,241.8594633252956,207.60885681448704,0.2372400937782686,18.140536674704407,3071.04,True
9000.0,3769.911184307752,100.0,207.8460969082653,260.0,,,,,,,,,False,,,,,,,,,False,-200.0,130.0,72.97200000000001,238.53720883753127,205.92617834864635,1.9199185596189636,21.462791162468733,2987.25,True
9250.0,3874.6309394274117,100.0,207.8460969082653,260.0,,,,,,,,,False,,,,,,,,,False,-200.0,126.0,70.93487999999999,236.3810483097154,206.387571669715,1.4585252385503225,23.618951690284604,2933.4900000000002,True
9500.0,3979.3506945470713,100.0,207.8460969082653,260.0,,,,,,,,,False,,,,,,,,,False,-200.0,122.0,68.89392,234.27334462119245,206.59969784881685,1.2463990594484642,25.72665537880755,2881.41,True
9750.0,4084.0704496667313,100.0,207.8460969082653,260.0,,,,,,,,,False,,,,,,,,,False,-200.0,118.0,66.84912,232.2154172315008,206.56608797594427,1.2800089323210386,27.784582768499206,2831.0099999999998,True
10000.0,4188.790204786391,100.0,207.8460969082653,260.0,,,,,,,,,False,,,,,,,,,False,-200.0,114.0,64.80048000000001,230.20860105565126,206.29064318274834,1.5554537255169691,29.791398944348742,2782.29,True
10250.0,4293.50995990605,100.0,207.8460969082653,260.0,,,,,,,,,False,,,,,,,,,False,-200.0,110.0,62.748000000000005,228.25424421026653,205.7776811264975,2.0684157817678113,31.745755789733465,2735.249999999999,True
10500.0,4398.22971502571,100.0,207.8460969082653,260.0,,,,,,,,,False,,,,,,,,,False,-200.0,108.0,61.720319999999994,227.29716232280595,207.81323544050431,0.032861467760994856,32.702837677194054,2712.359999999999,True
10750.0,4502.94947014537,100.0,207.8460969082653,260.0,,,,,,,,,False,,,,,,,,,False,-200.0,104.0,59.66208,225.42404485768594,206.88759951427554,0.9584973939897736,34.57595514231406,2667.8400000000006,True
11000.0,4607.669225265029,100.0,207.8460969082653,260.0,,,,,,,,,False,,,,,,,,,False,-200.0,100.0,57.599999999999994,223.60679774997897,205.73791499483397,2.1081819134313378,36.393202250021034,2624.9999999999995,True
11250.0,4712.38898038469,100.0,207.8460969082653,260.0,,,,,,,,,False,,,,,,,,,False,-200.0,98.0,56.45975999999999,222.71955459725578,206.91654258054305,0.9295543277222578,37.28044540274422,2604.2099999999996,True
11500.0,4817.10873550435,100.0,207.8460969082653,260.0,,,,,,,,,False,,,,,,,,,False,-200.0,94.0,54.17784,220.9886874932742,204.59457273516335,3.2515241731019557,39.0113125067258,2563.890000000001,True
11750.0,4921.82849062401,100.0,207.8460969082653,260.0,,,,,,,,,False,,,,,,,,,False,-200.0,92.0,53.036159999999995,220.14540649307222,205.4489419294799,2.3971549787854087,39.854593506927785,2544.36,True
12000.0,5026.548245743669,100.0,207.8460969082653,260.0,,,,,,,,,False,,,,,,,,,False,-200.0,90.0,51.89399999999999,219.31712199461307,206.17418992068252,1.671906987582787,40.682878005386925,2525.249999999999,True
12250.0,5131.268000863329,100.0,207.8460969082653,260.0,,,,,,,,,False,,,,,,,,,False,-200.0,88.0,50.751360000000005,218.5040045399626,206.77217950596253,1.0739174023027829,41.49599546003739,2506.56,True
12500.0,5235.987755982988,100.0,207.8460969082653,260.0,,,,,,,,,False,,,,,,,,,False,-200.0,86.0,49.60824000000001,217.70622407271685,207.24490182079424,0.6011950874710692,42.29377592728315,2488.2899999999995,True
12750.0,5340.707511102649,100.0,207.8460969082653,260.0,,,,,,,,,False,,,,,,,,,False,-200.0,84.0,48.464639999999996,216.92394980729998,207.59448659480375,0.2516103134615548,43.07605019270002,2470.4399999999996,True
13000.0,5445.427266222308,100.0,207.8460969082653,260.0,,,,,,,,,False,,,,,,,,,False,-200.0,82.0,47.32056,216.15735009478627,207.82321329641837,0.02288361184693599,43.84264990521373,2453.01,True
13250.0,5550.147021341968,100.0,207.8460969082653,260.0,,,,,,,,,False,,,,,,,,,False,-200.0,78.0,45.03096,214.67184258770408,204.2148376975983,3.6312592106669968,45.32815741229592,2419.41,True
13500.0,5654.8667764616275,100.0,207.8460969082653,260.0,,,,,,,,,False,,,,,,,,,False,-200.0,76.0,43.88544,213.95326592506132,204.16510279284626,3.680994115419054,46.04673407493868,2403.2400000000002,True
13750.0,5759.586531581287,100.0,207.8460969082653,260.0,,,,,,,,,False,,,,,,,,,False,-200.0,76.0,43.88544,213.95326592506132,207.80954734311908,0.03654956514623109,46.04673407493868,2403.2400000000002,True
14000.0,5864.306286700947,100.0,207.8460969082653,260.0,,,,,,,,,False,,,,,,,,,False,-200.0,74.0,42.73944,213.2510257888576,207.5810773752961,0.26501953296920533,46.74897421114241,2387.49,True
14250.0,5969.026041820606,100.0,207.8460969082653,260.0,,,,,,,,,False,,,,,,,,,False,-200.0,72.0,41.59296,212.56528408938277,207.24585463260385,0.6002422756614578,47.43471591061723,2372.1600000000003,True
14500.0,6073.745796940267,100.0,207.8460969082653,260.0,,,,,,,,,False,,,,,,,,,False,-200.0,70.0,40.446,211.8962010041709,206.80735055930865,1.0387463489566642,48.103798995829095,2357.2499999999995,True
14750.0,6178.465552059927,100.0,207.8460969082653,260.0,,,,,,,,,False,,,,,,,,,False,-200.0,68.0,39.29856,211.2439348241743,206.26929584160848,1.5768010666568273,48.75606517582571,2342.7599999999993,True
15000.0,6283.185307179587,100.0,207.8460969082653,260.0,,,,,,,,,False,,,,,,,,,False,-200.0,66.0,38.15064,210.6086417980041,205.6357015472989,2.2103953609664018,49.3913582019959,2328.69,True
15250.0,6387.905062299246,100.0,207.8460969082653,260.0,,,,,,,,,False,,,,,,,,,False,-200.0,64.0,37.00224,209.990475974507,204.91088187361714,2.9352150346481665,50.00952402549299,2315.0400000000004,True
15500.0,6492.624817418906,100.0,207.8460969082653,260.0,,,,,,,,,False,,,,,,,,,False,-200.0,62.0,35.85336,209.3895890439637,204.09947855921635,3.7466183490489584,50.610410956036304,2301.8099999999995,True
15750.0,6597.344572538565,100.0,207.8460969082653,260.0,,,,,,,,,False,,,,,,,,,False,-200.0,62.0,35.85336,209.3895890439637,207.2798566386419,0.566240269623421,50.610410956036304,2301.8099999999995,True
16000.0,6702.064327658225,100.0,207.8460969082653,260.0,,,,,,,,,False,,,,,,,,,False,-200.0,60.0,34.704,208.806130178211,206.32349411607382,1.522602792191492,51.19386982178901,2288.9999999999995,True
16250.0,6806.7840827778855,100.0,207.8460969082653,260.0,,,,,,,,,False,,,,,,,,,False,-200.0,58.0,33.554159999999996,208.24024587000469,205.29179036790853,2.5543065403567766,51.759754129995315,2276.61,True
16500.0,6911.503837897545,100.0,207.8460969082653,260.0,,,,,,,,,False,,,,,,,,,False,-200.0,56.0,32.40384,207.69207977195472,204.19058778463474,3.6555091236305657,52.307920228045276,2264.6400000000003,True
16750.0,7016.223593017205,100.0,207.8460969082653,260.0,,,,,,,,,False,,,,,,,,,False,-200.0,56.0,32.40384,207.69207977195472,207.18352759407395,0.6625693141913587,52.307920228045276,2264.6400000000003,True
17000.0,7120.943348136864,100.0,207.8460969082653,260.0,,,,,,,,,False,,,,,,,,,False,-200.0,54.0,31.253040000000002,207.16177253537873,205.95852217942712,1.8875747288381888,52.83822746462127,2253.09,True
17250.0,7225.663103256524,100.0,207.8460969082653,260.0,,,,,,,,,False,,,,,,,,,False,-200.0,52.0,30.10176,206.64946164943183,204.67811822655926,3.167978681706046,53.35053835056817,2241.96,True
17500.0,7330.382858376183,100.0,207.8460969082653,260.0,,,,,,,,,False,,,,,,,,,False,-200.0,52.0,30.10176,206.64946164943183,207.55092984176147,0.2951670665038364,53.35053835056817,2241.96,True
17750.0,7435.102613495843,100.0,207.8460969082653,260.0,,,,,,,,,False,,,,,,,,,False,-200.0,50.0,28.950000000000003,206.15528128088303,206.16403884675037,1.6820580615149368,53.84471871911697,2231.25,True
18000.0,7539.822368615504,100.0,207.8460969082653,260.0,,,,,,,,,False,,,,,,,,,False,-200.0,48.0,27.797760000000004,205.67936211491906,204.73817522406134,3.1079216842039727,54.32063788508094,2220.96,True
